# Continuum (MNQ 24H Multi-Leg Book) - best return-on-drawdown window 01 Jan 2026 to 01 Sep 2026 - closed trades at Multiplier 5 - hypothetical backtested results, commissions and slippage modeled
exit_day,entry_px,exit_px,net_pnl_usd,side,signal,qty,return_pct
01 Jan 26,26053.5,26129.0,-762.5,S,Fade S,5.0,-0.2927
01 Jan 26,26053.5,26129.0,-762.5,S,Fade S,5.0,-0.2927
02 Jan 26,26132.5,26251.75,2370.0,L,LvlL,10.0,0.4535
02 Jan 26,25861.75,25848.5,125.0,S,FvgS,5.0,0.0483
02 Jan 26,25861.75,25856.5,45.0,S,FvgS,5.0,0.0174
02 Jan 26,25861.75,25904.75,-437.5,S,FvgS,5.0,-0.1692
02 Jan 26,25861.75,25904.75,-437.5,S,FvgS,5.0,-0.1692
02 Jan 26,25940.25,25905.25,342.5,S,PMF short lim,5.0,0.132
05 Jan 26,25987.25,26011.5,470.0,L,SydL,10.0,0.0904
05 Jan 26,25992.25,26011.5,185.0,L,Syd add,5.0,0.0712
05 Jan 26,25987.25,26047.0,-1210.0,S,LvlS,10.0,-0.2328
05 Jan 26,26021.0,26053.75,640.0,L,LvlL,10.0,0.123
05 Jan 26,26018.0,26068.0,492.5,L,FvgL,5.0,0.1893
05 Jan 26,26046.25,26056.0,90.0,L,FvgL,5.0,0.0346
05 Jan 26,26046.25,26083.25,362.5,L,FvgL,5.0,0.1392
05 Jan 26,26106.0,26108.25,15.0,L,PMF long lim,5.0,0.0057
06 Jan 26,26095.75,26166.5,-1430.0,S,Fade S,10.0,-0.274
06 Jan 26,26075.0,26131.0,-567.5,S,FvgS,5.0,-0.2176
06 Jan 26,26075.0,26131.0,-567.5,S,FvgS,5.0,-0.2176
06 Jan 26,26132.75,26145.75,122.5,L,FvgL,5.0,0.0469
06 Jan 26,26132.75,26181.75,482.5,L,FvgL,5.0,0.1846
06 Jan 26,26234.0,26252.75,180.0,L,FvgL,5.0,0.0686
06 Jan 26,26234.0,26239.25,45.0,L,FvgL,5.0,0.0172
06 Jan 26,26234.0,26173.5,-612.5,L,FvgL,5.0,-0.2335
06 Jan 26,26234.0,26173.5,-612.5,L,FvgL,5.0,-0.2335
07 Jan 26,26337.5,26277.75,-1210.0,L,LvlL,10.0,-0.2297
07 Jan 26,26280.75,26246.0,680.0,S,LvlS,10.0,0.1294
07 Jan 26,26249.5,26309.25,-1210.0,S,LvlS,10.0,-0.2305
07 Jan 26,26347.75,26358.75,102.5,L,FvgL,5.0,0.0389
07 Jan 26,26347.75,26389.0,405.0,L,FvgL,5.0,0.1537
07 Jan 26,26347.75,26358.75,102.5,L,FvgL,5.0,0.0389
07 Jan 26,26347.75,26389.0,405.0,L,FvgL,5.0,0.1537
07 Jan 26,26366.25,26350.0,-170.0,L,PMF long lim,5.0,-0.0645
07 Jan 26,26339.0,26306.75,630.0,S,LvlS,10.0,0.1196
08 Jan 26,26305.0,26229.5,-762.5,L,Fade L,5.0,-0.2899
08 Jan 26,26305.0,26229.5,-762.5,L,Fade L,5.0,-0.2899
08 Jan 26,26292.75,26318.0,245.0,L,FvgL,5.0,0.0932
08 Jan 26,26292.75,26211.0,-825.0,L,FvgL,5.0,-0.3138
08 Jan 26,26177.25,26160.75,157.5,S,FvgS,5.0,0.0602
08 Jan 26,26177.25,26115.25,612.5,S,FvgS,5.0,0.234
08 Jan 26,26171.0,26154.25,320.0,S,SydS,10.0,0.0611
09 Jan 26,26157.5,26189.75,630.0,L,Fade L,10.0,0.1204
09 Jan 26,26195.75,26189.75,-135.0,L,Confirm add run,10.0,-0.0258
09 Jan 26,26246.25,26257.0,100.0,L,FvgL,5.0,0.0381
09 Jan 26,26246.25,26286.5,395.0,L,FvgL,5.0,0.1505
11 Jan 26,26413.5,26371.5,825.0,S,LvlS,10.0,0.1562
11 Jan 26,26251.0,26219.75,610.0,S,LvlS,10.0,0.1162
12 Jan 26,26213.75,26245.75,-327.5,S,FvgS,5.0,-0.1249
12 Jan 26,26213.75,26245.75,-327.5,S,FvgS,5.0,-0.1249
12 Jan 26,26241.75,26206.25,695.0,S,LvlS,10.0,0.1324
12 Jan 26,26190.25,26250.0,-1210.0,S,LvlS,10.0,-0.231
12 Jan 26,26253.5,26287.75,670.0,L,LvlL,10.0,0.1276
12 Jan 26,26499.0,26475.75,225.0,S,PMF short lim,5.0,0.0849
12 Jan 26,26404.0,26371.5,635.0,S,LvlS,10.0,0.1202
13 Jan 26,26371.5,26420.5,965.0,L,Fade L,10.0,0.183
13 Jan 26,26408.0,26420.5,235.0,L,Confirm add run,10.0,0.0445
13 Jan 26,26425.0,26456.0,605.0,L,LvlL,10.0,0.1145
13 Jan 26,26465.25,26497.25,625.0,L,LvlL,10.0,0.1181
13 Jan 26,26439.75,26468.75,282.5,L,FvgL,5.0,0.1068
13 Jan 26,26439.75,26445.0,45.0,L,FvgL,5.0,0.017
13 Jan 26,26407.5,26390.0,502.5,S,F13S,15.0,0.0634
13 Jan 26,26407.5,26374.75,960.0,S,F13S,15.0,0.1212
13 Jan 26,26407.25,26416.75,87.5,L,FvgL,5.0,0.0331
14 Jan 26,26407.25,26376.25,-317.5,L,FvgL,5.0,-0.1202
14 Jan 26,26363.0,26333.5,575.0,S,LvlS,10.0,0.1091
14 Jan 26,26301.25,26257.0,435.0,S,FvgS,5.0,0.1654
14 Jan 26,26285.75,26256.5,570.0,S,LvlS,10.0,0.1084
14 Jan 26,26225.75,26140.75,-857.5,L,RFl,5.0,-0.327
14 Jan 26,26111.75,26119.75,-87.5,S,FvgS,5.0,-0.0335
14 Jan 26,26111.75,26119.75,-87.5,S,FvgS,5.0,-0.0335
14 Jan 26,26006.0,25956.5,487.5,S,FvgS,5.0,0.1875
14 Jan 26,26006.0,26000.75,45.0,S,FvgS,5.0,0.0173
14 Jan 26,26006.0,25956.5,487.5,S,FvgS,5.0,0.1875
14 Jan 26,26006.0,26000.75,45.0,S,FvgS,5.0,0.0173
14 Jan 26,26002.0,25984.0,517.5,S,F13S,15.0,0.0663
14 Jan 26,26002.0,25968.75,325.0,S,F13S,5.0,0.125
14 Jan 26,26002.0,25956.5,895.0,S,F13S,10.0,0.1721
14 Jan 26,26006.0,26000.75,45.0,S,FvgS,5.0,0.0173
14 Jan 26,26006.0,26000.75,45.0,S,FvgS,5.0,0.0173
14 Jan 26,26120.5,26136.5,305.0,L,SydL,10.0,0.0584
15 Jan 26,26092.5,26174.5,812.5,L,Fade L,5.0,0.3114
15 Jan 26,26127.5,26174.5,462.5,L,Confirm add run,5.0,0.177
15 Jan 26,26092.5,26197.0,1037.5,L,Fade L,5.0,0.3976
15 Jan 26,26127.5,26197.0,687.5,L,Confirm add run,5.0,0.2631
15 Jan 26,26321.5,26334.5,122.5,L,FvgL,5.0,0.0465
15 Jan 26,26321.5,26370.5,482.5,L,FvgL,5.0,0.1833
15 Jan 26,26441.5,26420.75,200.0,S,RTs,5.0,0.0756
15 Jan 26,26321.5,26334.5,122.5,L,FvgL,5.0,0.0465
15 Jan 26,26321.5,26370.5,482.5,L,FvgL,5.0,0.1833
15 Jan 26,26224.75,26207.25,-182.5,L,PMF long lim,5.0,-0.0696
16 Jan 26,26257.75,26317.75,1185.0,L,Fade L,10.0,0.2256
16 Jan 26,26292.5,26317.75,490.0,L,Confirm add run,10.0,0.0932
16 Jan 26,26358.75,26155.25,2027.5,S,RFs,5.0,0.7692
16 Jan 26,26222.5,26197.5,727.5,S,F13S,15.0,0.0925
16 Jan 26,26222.5,26180.25,1245.0,S,F13S,15.0,0.1583
18 Jan 26,25932.0,25917.5,137.5,S,FvgS,5.0,0.053
18 Jan 26,25932.0,25926.75,45.0,S,FvgS,5.0,0.0174
19 Jan 26,25893.25,25766.75,2515.0,S,LvlS,10.0,0.4856
19 Jan 26,25805.25,25762.5,840.0,S,LvlS,10.0,0.1628
19 Jan 26,25757.5,25897.5,1392.5,L,RFl,5.0,0.5406
19 Jan 26,25850.75,25877.0,255.0,L,FvgL,5.0,0.0986
20 Jan 26,25850.75,25856.0,45.0,L,FvgL,5.0,0.0174
20 Jan 26,25657.5,25702.5,-457.5,S,FvgS,5.0,-0.1783
20 Jan 26,25657.5,25702.5,-457.5,S,FvgS,5.0,-0.1783
20 Jan 26,25828.5,25870.0,-422.5,S,RTs,5.0,-0.1636
20 Jan 26,25829.25,25870.0,-415.0,S,RTaS,5.0,-0.1607
20 Jan 26,25878.75,25842.25,-372.5,L,FvgL,5.0,-0.1439
20 Jan 26,25878.75,25842.25,-372.5,L,FvgL,5.0,-0.1439
20 Jan 26,25634.75,25633.5,-20.0,L,PMF long lim,5.0,-0.0078
20 Jan 26,25646.75,25727.5,-815.0,S,FvgS,5.0,-0.3178
20 Jan 26,25646.75,25727.5,-815.0,S,FvgS,5.0,-0.3178
21 Jan 26,25728.75,25734.75,-135.0,S,Fade S,10.0,-0.0262
21 Jan 26,25716.5,25676.25,790.0,S,LvlS,10.0,0.1536
21 Jan 26,25677.25,25662.75,137.5,S,FvgS,5.0,0.0535
21 Jan 26,25677.25,25623.0,535.0,S,FvgS,5.0,0.2084
21 Jan 26,25611.75,25588.25,227.5,S,FvgS,5.0,0.0888
21 Jan 26,25611.75,25606.5,45.0,S,FvgS,5.0,0.0176
21 Jan 26,25613.0,25702.25,-900.0,S,RFs,5.0,-0.3514
21 Jan 26,25916.0,25754.75,-1620.0,L,FvgL,5.0,-0.6251
21 Jan 26,25916.0,25754.75,-1620.0,L,FvgL,5.0,-0.6251
21 Jan 26,26041.5,26042.0,-37.5,S,F13S,15.0,-0.0048
21 Jan 26,26041.5,26042.0,-37.5,S,F13S,15.0,-0.0048
22 Jan 26,26085.25,26003.25,812.5,S,Fade S,5.0,0.3115
22 Jan 26,26050.5,26003.25,465.0,S,Confirm add run,5.0,0.1785
22 Jan 26,26085.25,26004.75,797.5,S,Fade S,5.0,0.3057
22 Jan 26,26050.5,26004.75,450.0,S,Confirm add run,5.0,0.1727
22 Jan 26,26184.75,26211.75,525.0,L,LvlL,10.0,0.1002
22 Jan 26,26198.0,26234.75,720.0,L,LvlL,10.0,0.1374
22 Jan 26,26150.75,26179.5,280.0,L,RTl,5.0,0.1071
22 Jan 26,26153.75,26179.5,250.0,L,RTaL,5.0,0.0956
22 Jan 26,26187.25,26202.0,420.0,L,F13L,15.0,0.0535
22 Jan 26,26187.25,26214.5,795.0,L,F13L,15.0,0.1012
22 Jan 26,26179.25,26210.5,610.0,L,SydL,10.0,0.1165
23 Jan 26,26211.0,26226.5,-325.0,S,Fade S,10.0,-0.062
23 Jan 26,26135.75,26103.75,625.0,S,LvlS,10.0,0.1196
23 Jan 26,26116.25,26085.0,610.0,S,LvlS,10.0,0.1168
23 Jan 26,26109.75,26098.75,102.5,S,FvgS,5.0,0.0393
23 Jan 26,26109.75,26068.5,405.0,S,FvgS,5.0,0.1551
23 Jan 26,26063.75,26286.5,2220.0,L,RFl,5.0,0.8518
23 Jan 26,26078.25,26286.5,2075.0,L,RfAL,5.0,0.7957
23 Jan 26,26235.25,26240.5,45.0,L,FvgL,5.0,0.0172
23 Jan 26,26235.25,26240.5,45.0,L,FvgL,5.0,0.0172
23 Jan 26,26216.25,26243.25,262.5,L,PMF long lim,5.0,0.1001
26 Jan 26,26150.75,26180.75,585.0,L,LvlL,10.0,0.1119
26 Jan 26,26159.5,26125.75,-345.0,L,FvgL,5.0,-0.1319
26 Jan 26,26159.5,26125.75,-345.0,L,FvgL,5.0,-0.1319
26 Jan 26,26132.75,26164.75,-327.5,S,FvgS,5.0,-0.1253
26 Jan 26,26136.5,26196.25,-1210.0,S,LvlS,10.0,-0.2315
26 Jan 26,26188.0,26206.25,175.0,L,FvgL,5.0,0.0668
26 Jan 26,26188.0,26256.5,677.5,L,FvgL,5.0,0.2587
26 Jan 26,26255.5,26313.25,-585.0,S,RFs,5.0,-0.2228
26 Jan 26,26408.25,26398.25,277.5,S,F13S,15.0,0.035
26 Jan 26,26408.25,26389.75,177.5,S,F13S,5.0,0.0672
26 Jan 26,26408.25,26391.75,315.0,S,F13S,10.0,0.0596
26 Jan 26,26426.5,26502.0,-762.5,S,Fade S,5.0,-0.2885
26 Jan 26,26426.5,26502.0,-762.5,S,Fade S,5.0,-0.2885
27 Jan 26,26490.75,26501.0,95.0,L,FvgL,5.0,0.0359
27 Jan 26,26490.75,26528.75,372.5,L,FvgL,5.0,0.1406
27 Jan 26,26504.25,26534.0,580.0,L,LvlL,10.0,0.1094
27 Jan 26,26536.75,26477.0,-1210.0,L,LvlL,10.0,-0.228
27 Jan 26,26521.25,26474.5,-475.0,L,FvgL,5.0,-0.1791
27 Jan 26,26531.75,26599.75,-687.5,S,RTs,5.0,-0.2591
27 Jan 26,26598.25,26579.5,1080.0,S,F13S,30.0,0.0677
28 Jan 26,26719.0,26758.5,775.0,L,SydL,10.0,0.145
28 Jan 26,26717.0,26758.5,407.5,L,Syd add,5.0,0.1525
28 Jan 26,26750.0,26652.25,-985.0,L,RFl,5.0,-0.3682
28 Jan 26,26747.75,26652.25,-962.5,L,RfAL,5.0,-0.3598
28 Jan 26,26697.75,26654.5,1275.0,S,F13S,15.0,0.1592
28 Jan 26,26697.75,26642.25,1642.5,S,F13S,15.0,0.2051
28 Jan 26,26735.25,26612.0,-1240.0,L,FvgL,5.0,-0.4638
28 Jan 26,26735.25,26612.0,-1240.0,L,FvgL,5.0,-0.4638
28 Jan 26,26638.0,26720.0,812.5,L,Fade L,5.0,0.305
28 Jan 26,26612.5,26720.0,1067.5,L,Confirm add,5.0,0.4011
28 Jan 26,26678.5,26720.0,407.5,L,Confirm add run,5.0,0.1527
29 Jan 26,26638.0,26771.25,1325.0,L,Fade L,5.0,0.4974
29 Jan 26,26612.5,26771.25,1580.0,L,Confirm add,5.0,0.5937
29 Jan 26,26678.5,26771.25,920.0,L,Confirm add run,5.0,0.3448
29 Jan 26,26759.75,26769.5,90.0,L,FvgL,5.0,0.0336
29 Jan 26,26759.75,26727.75,-327.5,L,FvgL,5.0,-0.1224
29 Jan 26,26701.0,26667.0,665.0,S,LvlS,10.0,0.1245
29 Jan 26,26689.75,26677.0,120.0,S,FvgS,5.0,0.045
29 Jan 26,26689.75,26642.0,470.0,S,FvgS,5.0,0.1761
29 Jan 26,26511.75,26480.0,-325.0,L,RTl,5.0,-0.1226
29 Jan 26,26377.5,26337.75,1170.0,S,F13S,15.0,0.1479
29 Jan 26,26377.5,26376.25,5.0,S,F13S,5.0,0.0019
29 Jan 26,26377.5,26378.0,-25.0,S,F13S,10.0,-0.0047
29 Jan 26,26473.5,26461.0,117.5,S,FvgS,5.0,0.0444
29 Jan 26,26473.5,26426.75,460.0,S,FvgS,5.0,0.1738
29 Jan 26,26462.5,26445.25,165.0,S,FvgS,5.0,0.0624
29 Jan 26,26462.5,26397.25,645.0,S,FvgS,5.0,0.2437
29 Jan 26,26388.25,26312.75,-762.5,L,Fade L,5.0,-0.289
29 Jan 26,26388.25,26312.75,-762.5,L,Fade L,5.0,-0.289
29 Jan 26,26369.0,26363.75,45.0,S,FvgS,5.0,0.0171
29 Jan 26,26369.0,26363.75,45.0,S,FvgS,5.0,0.0171
30 Jan 26,26369.0,26325.5,427.5,S,FvgS,5.0,0.1621
30 Jan 26,26369.0,26204.0,1642.5,S,FvgS,5.0,0.6229
30 Jan 26,26244.5,26231.25,125.0,S,FvgS,5.0,0.0476
30 Jan 26,26244.5,26287.5,-437.5,S,FvgS,5.0,-0.1667
30 Jan 26,26360.75,26378.0,165.0,L,FvgL,5.0,0.0626
30 Jan 26,26360.75,26304.75,-567.5,L,FvgL,5.0,-0.2153
30 Jan 26,26338.25,26398.0,-1210.0,S,LvlS,10.0,-0.2297
30 Jan 26,26409.5,26214.75,1940.0,S,RFs,5.0,0.7346
30 Jan 26,26403.0,26214.75,1875.0,S,RfAS,5.0,0.7101
30 Jan 26,26241.25,26218.5,220.0,S,FvgS,5.0,0.0838
30 Jan 26,26241.25,26155.5,850.0,S,FvgS,5.0,0.3239
30 Jan 26,26133.75,26181.75,1417.5,L,F13L,15.0,0.1808
30 Jan 26,26133.75,26200.25,657.5,L,F13L,5.0,0.2516
30 Jan 26,26133.75,26209.25,1495.0,L,F13L,10.0,0.286
30 Jan 26,26102.0,26137.0,342.5,L,PMF long lim,5.0,0.1312
01 Feb 26,26024.0,25933.25,1800.0,S,LvlS,10.0,0.3458
01 Feb 26,25868.25,25731.75,2715.0,S,LvlS,10.0,0.5248
02 Feb 26,25788.5,25736.75,1020.0,S,LvlS,10.0,0.1978
02 Feb 26,25723.0,25782.75,-1210.0,S,LvlS,10.0,-0.2352
02 Feb 26,25994.75,26005.0,95.0,L,FvgL,5.0,0.0365
02 Feb 26,25994.75,26032.75,372.5,L,FvgL,5.0,0.1433
02 Feb 26,26034.75,26129.5,-955.0,S,RFs,5.0,-0.3668
02 Feb 26,26314.25,26333.0,180.0,L,FvgL,5.0,0.0684
02 Feb 26,26314.25,26384.75,697.5,L,FvgL,5.0,0.2651
02 Feb 26,26366.0,26385.75,190.0,L,FvgL,5.0,0.0721
02 Feb 26,26366.0,26441.0,742.5,L,FvgL,5.0,0.2816
02 Feb 26,26428.25,26434.0,150.0,L,F13L,15.0,0.0189
02 Feb 26,26428.25,26438.5,285.0,L,F13L,15.0,0.0359
03 Feb 26,26447.25,26499.5,1030.0,L,Fade L,10.0,0.1947
03 Feb 26,26484.25,26499.5,290.0,L,Confirm add run,10.0,0.0547
03 Feb 26,26494.25,26458.0,710.0,S,LvlS,10.0,0.134
03 Feb 26,26464.25,26436.5,540.0,S,LvlS,10.0,0.102
03 Feb 26,26493.0,26433.25,-1210.0,L,LvlL,10.0,-0.2284
03 Feb 26,26304.5,26309.5,42.5,L,RTl,5.0,0.0162
03 Feb 26,26124.5,26111.5,122.5,S,FvgS,5.0,0.0469
03 Feb 26,26124.5,26075.5,482.5,S,FvgS,5.0,0.1847
03 Feb 26,25819.0,25863.0,1297.5,L,F13L,15.0,0.1675
03 Feb 26,25819.0,25820.25,5.0,L,F13L,5.0,0.0019
03 Feb 26,25819.0,25789.75,-600.0,L,F13L,10.0,-0.1162
04 Feb 26,25964.0,25924.5,387.5,S,FvgS,5.0,0.1492
04 Feb 26,25964.0,25814.25,1490.0,S,FvgS,5.0,0.5739
04 Feb 26,25816.75,25728.0,-895.0,L,RFl,5.0,-0.3467
04 Feb 26,25778.0,25772.75,45.0,S,FvgS,5.0,0.0175
04 Feb 26,25778.0,25772.75,45.0,S,FvgS,5.0,0.0175
04 Feb 26,25778.0,25731.75,455.0,S,FvgS,5.0,0.1765
04 Feb 26,25778.0,25603.25,1740.0,S,FvgS,5.0,0.675
04 Feb 26,25439.75,25386.25,1582.5,S,F13S,15.0,0.2074
04 Feb 26,25439.75,25357.75,2437.5,S,F13S,15.0,0.3194
04 Feb 26,25567.0,25558.5,77.5,S,PMF short lim,5.0,0.0303
04 Feb 26,25626.75,25615.5,105.0,S,FvgS,5.0,0.041
04 Feb 26,25626.75,25584.25,417.5,S,FvgS,5.0,0.1629
04 Feb 26,25626.75,25615.5,105.0,S,FvgS,5.0,0.041
04 Feb 26,25626.75,25663.25,-372.5,S,FvgS,5.0,-0.1454
04 Feb 26,25582.0,25506.5,-762.5,L,Fade L,5.0,-0.2981
04 Feb 26,25582.0,25506.5,-762.5,L,Fade L,5.0,-0.2981
04 Feb 26,25576.75,25563.5,125.0,S,FvgS,5.0,0.0489
04 Feb 26,25556.25,25477.25,1565.0,S,LvlS,10.0,0.3062
05 Feb 26,25557.5,25546.25,105.0,S,FvgS,5.0,0.0411
05 Feb 26,25557.5,25552.25,45.0,S,FvgS,5.0,0.0176
05 Feb 26,25579.25,25619.0,780.0,L,LvlL,10.0,0.1525
05 Feb 26,25560.5,25537.0,227.5,S,FvgS,5.0,0.089
05 Feb 26,25560.5,25555.25,45.0,S,FvgS,5.0,0.0176
05 Feb 26,25580.0,25520.25,-1210.0,L,LvlL,10.0,-0.2365
05 Feb 26,25533.25,25503.5,580.0,S,LvlS,10.0,0.1136
05 Feb 26,25145.5,25266.0,1197.5,L,RTl,5.0,0.4762
05 Feb 26,25172.25,25266.0,930.0,L,RTaL,5.0,0.3695
05 Feb 26,25240.5,25276.25,1050.0,L,F13L,15.0,0.1387
05 Feb 26,25240.5,25307.0,657.5,L,F13L,5.0,0.2605
05 Feb 26,25240.5,25310.25,1380.0,L,F13L,10.0,0.2734
05 Feb 26,25144.25,25179.25,342.5,L,PMF long lim,5.0,0.1362
05 Feb 26,24929.0,25020.0,1805.0,L,SydL,10.0,0.362
05 Feb 26,24924.0,25020.0,952.5,L,Syd add,5.0,0.3822
05 Feb 26,25021.5,24939.5,812.5,S,Fade S,5.0,0.3247
05 Feb 26,25048.0,24939.5,1077.5,S,Confirm add,5.0,0.4302
05 Feb 26,24976.75,24939.5,365.0,S,Confirm add run,5.0,0.1461
06 Feb 26,25048.0,25027.5,197.5,S,Confirm add,5.0,0.0788
06 Feb 26,25021.5,25097.0,-762.5,S,Fade S,5.0,-0.3047
06 Feb 26,24976.75,25097.0,-1210.0,S,Confirm add run,5.0,-0.4845
06 Feb 26,25056.5,25091.5,685.0,L,LvlL,10.0,0.1367
06 Feb 26,25237.5,25248.0,97.5,L,FvgL,5.0,0.0386
06 Feb 26,25237.5,25257.0,187.5,L,FvgL,5.0,0.0743
06 Feb 26,25262.0,25308.75,920.0,L,LvlL,10.0,0.1821
06 Feb 26,25311.0,25332.75,210.0,L,FvgL,5.0,0.083
06 Feb 26,25311.0,25316.25,45.0,L,FvgL,5.0,0.0178
06 Feb 26,25311.0,25240.25,-715.0,L,FvgL,5.0,-0.2825
06 Feb 26,25311.0,25240.25,-715.0,L,FvgL,5.0,-0.2825
06 Feb 26,25393.25,25541.25,-1487.5,S,RFs,5.0,-0.5858
06 Feb 26,25387.0,25541.25,-1550.0,S,RfAS,5.0,-0.6105
06 Feb 26,25594.25,25607.25,367.5,L,F13L,15.0,0.0479
06 Feb 26,25594.25,25618.5,705.0,L,F13L,15.0,0.0918
08 Feb 26,25764.0,25715.5,955.0,S,SydS,10.0,0.1853
08 Feb 26,25716.25,25749.25,645.0,L,LvlL,10.0,0.1254
09 Feb 26,25702.5,25651.25,1010.0,S,LvlS,10.0,0.1965
09 Feb 26,25587.5,25919.75,3315.0,L,RFl,5.0,1.2956
09 Feb 26,25611.0,25919.75,3080.0,L,RfAL,5.0,1.2026
09 Feb 26,25877.75,25901.0,225.0,L,FvgL,5.0,0.0869
09 Feb 26,25877.75,25883.0,45.0,L,FvgL,5.0,0.0174
10 Feb 26,25824.75,25838.75,265.0,L,Fade L,10.0,0.0513
10 Feb 26,25797.25,25838.75,815.0,L,Confirm add,10.0,0.158
10 Feb 26,25859.75,25838.75,-435.0,L,Confirm add run,10.0,-0.0841
10 Feb 26,25837.5,25897.25,-1210.0,S,LvlS,10.0,-0.2342
10 Feb 26,25894.75,25925.0,590.0,L,LvlL,10.0,0.1139
10 Feb 26,25917.0,25812.0,1042.5,S,RTs,5.0,0.4022
10 Feb 26,25864.25,25869.5,45.0,L,FvgL,5.0,0.0174
10 Feb 26,25864.25,25869.5,45.0,L,FvgL,5.0,0.0174
10 Feb 26,25864.25,25869.5,45.0,L,FvgL,5.0,0.0174
10 Feb 26,25864.25,25869.5,45.0,L,FvgL,5.0,0.0174
10 Feb 26,25864.25,25869.5,45.0,L,FvgL,5.0,0.0174
10 Feb 26,25864.25,25869.5,45.0,L,FvgL,5.0,0.0174
11 Feb 26,25828.25,25790.75,735.0,S,Fade S,10.0,0.1423
11 Feb 26,25791.5,25790.75,0.0,S,Confirm add run,10.0,0.0
11 Feb 26,25937.75,25579.25,3577.5,S,RFs,5.0,1.3793
11 Feb 26,25932.25,25579.25,3522.5,S,RfAS,5.0,1.3583
11 Feb 26,25784.25,25816.75,635.0,L,SydL,10.0,0.1231
11 Feb 26,25792.5,25816.75,235.0,L,Syd add,5.0,0.0911
12 Feb 26,25815.5,25847.0,-645.0,S,Fade S,10.0,-0.1249
12 Feb 26,25779.5,25847.0,-1365.0,S,Confirm add run,10.0,-0.2647
12 Feb 26,25743.25,25611.5,-1325.0,L,RTl,5.0,-0.5147
12 Feb 26,25753.25,25611.5,-1425.0,L,RTaL,5.0,-0.5533
12 Feb 26,25401.0,25367.5,982.5,S,F13S,15.0,0.1289
12 Feb 26,25401.0,25399.75,5.0,S,F13S,5.0,0.002
12 Feb 26,25401.0,25409.0,-175.0,S,F13S,10.0,-0.0344
12 Feb 26,25324.0,25313.5,97.5,S,FvgS,5.0,0.0385
12 Feb 26,25324.0,25357.75,-345.0,S,FvgS,5.0,-0.1362
12 Feb 26,25318.25,25284.0,335.0,S,FvgS,5.0,0.1323
12 Feb 26,25318.25,25313.0,45.0,S,FvgS,5.0,0.0178
13 Feb 26,25204.5,25269.75,-660.0,S,FvgS,5.0,-0.2619
13 Feb 26,25204.5,25269.75,-660.0,S,FvgS,5.0,-0.2619
13 Feb 26,25219.0,25183.75,345.0,S,FvgS,5.0,0.1368
13 Feb 26,25219.0,25213.75,45.0,S,FvgS,5.0,0.0178
13 Feb 26,25219.0,25183.75,345.0,S,FvgS,5.0,0.1368
13 Feb 26,25219.0,25213.75,45.0,S,FvgS,5.0,0.0178
13 Feb 26,25148.5,25448.5,2992.5,L,RFl,5.0,1.1899
13 Feb 26,25478.25,25453.25,727.5,S,F13S,15.0,0.0952
13 Feb 26,25478.25,25431.5,1380.0,S,F13S,15.0,0.1805
13 Feb 26,25271.25,25267.0,-50.0,L,PMF long lim,5.0,-0.0198
16 Feb 26,25307.5,25410.5,-1037.5,S,FvgS,5.0,-0.41
16 Feb 26,25307.5,25410.5,-1037.5,S,FvgS,5.0,-0.41
16 Feb 26,25373.0,25342.75,590.0,S,LvlS,10.0,0.1163
16 Feb 26,25345.0,25212.0,-1337.5,L,RFl,5.0,-0.5277
16 Feb 26,25267.0,25250.25,160.0,S,FvgS,5.0,0.0633
16 Feb 26,25267.0,25321.25,-550.0,S,FvgS,5.0,-0.2177
16 Feb 26,25279.25,25203.75,-762.5,L,Fade L,5.0,-0.3016
16 Feb 26,25279.25,25203.75,-762.5,L,Fade L,5.0,-0.3016
17 Feb 26,25101.75,25161.5,-1210.0,S,LvlS,10.0,-0.241
17 Feb 26,25172.25,25150.0,215.0,S,FvgS,5.0,0.0854
17 Feb 26,25172.25,25088.75,827.5,S,FvgS,5.0,0.3287
17 Feb 26,25120.25,25119.75,-5.0,S,LvlS,10.0,-0.001
17 Feb 26,25035.0,25082.25,465.0,L,RTl,5.0,0.1857
17 Feb 26,25066.25,25082.25,152.5,L,RTaL,5.0,0.0608
17 Feb 26,25247.75,25323.25,-762.5,S,Fade S,5.0,-0.302
17 Feb 26,25247.75,25323.25,-762.5,S,Fade S,5.0,-0.302
18 Feb 26,25329.75,25340.0,95.0,L,FvgL,5.0,0.0375
18 Feb 26,25329.75,25367.75,372.5,L,FvgL,5.0,0.1471
18 Feb 26,25416.0,25451.0,685.0,L,LvlL,10.0,0.1348
18 Feb 26,25386.75,25401.75,142.5,L,FvgL,5.0,0.0561
18 Feb 26,25386.75,25392.0,45.0,L,FvgL,5.0,0.0177
18 Feb 26,25303.75,25620.25,3157.5,L,RFl,5.0,1.2478
18 Feb 26,25330.0,25620.25,2895.0,L,RfAL,5.0,1.1429
18 Feb 26,25582.5,25483.75,-2985.0,L,F13L,15.0,-0.3889
18 Feb 26,25582.5,25483.75,-2985.0,L,F13L,15.0,-0.3889
18 Feb 26,25382.0,25417.0,342.5,L,PMF long lim,5.0,0.1349
18 Feb 26,25464.0,25499.75,350.0,L,FvgL,5.0,0.1374
18 Feb 26,25464.0,25469.25,45.0,L,FvgL,5.0,0.0177
19 Feb 26,25336.75,25322.0,140.0,S,FvgS,5.0,0.0553
19 Feb 26,25336.75,25281.25,547.5,S,FvgS,5.0,0.2161
19 Feb 26,25336.75,25322.0,140.0,S,FvgS,5.0,0.0553
19 Feb 26,25336.75,25331.5,45.0,S,FvgS,5.0,0.0178
19 Feb 26,25294.25,25298.75,37.5,L,PMF long lim,5.0,0.0148
20 Feb 26,25420.75,25450.75,585.0,L,SydL,10.0,0.1151
20 Feb 26,25418.75,25450.75,312.5,L,Syd add,5.0,0.1229
20 Feb 26,25452.25,25483.25,605.0,L,LvlL,10.0,0.1189
20 Feb 26,25363.5,25344.5,182.5,S,FvgS,5.0,0.072
20 Feb 26,25363.5,25291.75,710.0,S,FvgS,5.0,0.2799
20 Feb 26,25428.5,25551.25,-1235.0,S,RFs,5.0,-0.4857
20 Feb 26,25542.5,25588.0,447.5,L,FvgL,5.0,0.1752
20 Feb 26,25542.5,25547.75,45.0,L,FvgL,5.0,0.0176
22 Feb 26,25517.25,25429.0,-890.0,L,FvgL,5.0,-0.3488
22 Feb 26,25517.25,25429.0,-890.0,L,FvgL,5.0,-0.3488
23 Feb 26,25343.5,25315.5,545.0,S,LvlS,10.0,0.1075
23 Feb 26,25460.75,25505.5,440.0,L,FvgL,5.0,0.1728
23 Feb 26,25460.75,25466.0,45.0,L,FvgL,5.0,0.0177
23 Feb 26,25399.5,25277.5,-1227.5,L,RFl,5.0,-0.4833
23 Feb 26,25212.5,25247.5,342.5,L,PMF long lim,5.0,0.1358
23 Feb 26,25306.0,25336.25,590.0,L,LvlL,10.0,0.1166
24 Feb 26,25334.0,25343.0,-195.0,S,Fade S,10.0,-0.0385
24 Feb 26,25359.75,25343.0,320.0,S,Confirm add,10.0,0.0631
24 Feb 26,25327.5,25306.25,205.0,S,FvgS,5.0,0.0809
24 Feb 26,25327.5,25396.5,-697.5,S,FvgS,5.0,-0.2754
24 Feb 26,25347.75,25362.5,140.0,L,FvgL,5.0,0.0552
24 Feb 26,25347.75,25353.0,45.0,L,FvgL,5.0,0.0178
24 Feb 26,25303.5,25408.5,1042.5,L,RTl,5.0,0.412
24 Feb 26,25542.5,25558.75,465.0,L,F13L,15.0,0.0607
24 Feb 26,25542.5,25572.5,877.5,L,F13L,15.0,0.1145
24 Feb 26,25582.5,25613.25,600.0,L,SydL,10.0,0.1173
24 Feb 26,25611.75,25529.75,812.5,S,Fade S,5.0,0.3172
24 Feb 26,25575.5,25529.75,450.0,S,Confirm add run,5.0,0.1759
25 Feb 26,25611.75,25550.0,610.0,S,Fade S,5.0,0.2382
25 Feb 26,25575.5,25550.0,247.5,S,Confirm add run,5.0,0.0968
25 Feb 26,25562.5,25532.25,590.0,S,LvlS,10.0,0.1154
25 Feb 26,25560.25,25603.25,845.0,L,LvlL,10.0,0.1653
25 Feb 26,25660.75,25776.75,-1167.5,S,RFs,5.0,-0.455
25 Feb 26,25787.25,25845.25,572.5,L,FvgL,5.0,0.222
25 Feb 26,25787.25,25965.75,1777.5,L,FvgL,5.0,0.6893
25 Feb 26,25828.5,25788.25,790.0,S,LvlS,10.0,0.1529
26 Feb 26,25781.0,25836.5,1095.0,L,Fade L,10.0,0.2124
26 Feb 26,25819.5,25836.5,325.0,L,Confirm add run,10.0,0.0629
26 Feb 26,25856.75,25886.0,570.0,L,LvlL,10.0,0.1102
26 Feb 26,25874.75,25908.25,655.0,L,LvlL,10.0,0.1266
26 Feb 26,25731.75,25729.25,-32.5,L,RTl,5.0,-0.0126
26 Feb 26,25537.25,25557.0,-205.0,S,PMF short lim,5.0,-0.0803
27 Feb 26,25524.0,25520.0,65.0,S,Fade S,10.0,0.0127
27 Feb 26,25528.25,25498.75,287.5,S,FvgS,5.0,0.1126
27 Feb 26,25528.25,25523.0,45.0,S,FvgS,5.0,0.0176
27 Feb 26,25527.5,25508.5,182.5,S,FvgS,5.0,0.0715
27 Feb 26,25527.5,25455.75,710.0,S,FvgS,5.0,0.2781
27 Feb 26,25484.25,25462.75,207.5,S,FvgS,5.0,0.0814
27 Feb 26,25484.25,25402.75,807.5,S,FvgS,5.0,0.3169
27 Feb 26,25440.75,25466.5,-265.0,S,RFs,5.0,-0.1042
27 Feb 26,25421.5,25466.5,-457.5,S,RfAS,5.0,-0.18
01 Mar 26,25304.5,25350.25,900.0,L,SydL,10.0,0.1778
01 Mar 26,25317.5,25277.0,795.0,S,LvlS,10.0,0.157
02 Mar 26,25136.0,25402.0,2652.5,L,RFl,5.0,1.0553
02 Mar 26,25538.25,25553.25,427.5,L,F13L,15.0,0.0558
02 Mar 26,25538.25,25566.5,825.0,L,F13L,15.0,0.1077
02 Mar 26,25390.75,25315.25,-762.5,L,Fade L,5.0,-0.3003
02 Mar 26,25390.75,25315.25,-762.5,L,Fade L,5.0,-0.3003
02 Mar 26,25371.5,25360.25,105.0,S,FvgS,5.0,0.0414
02 Mar 26,25371.5,25329.0,417.5,S,FvgS,5.0,0.1646
03 Mar 26,25090.25,25057.0,325.0,S,FvgS,5.0,0.1295
03 Mar 26,25090.25,24964.5,1250.0,S,FvgS,5.0,0.4982
03 Mar 26,25099.0,25067.0,312.5,S,RTs,5.0,0.1245
03 Mar 26,25099.25,25067.0,315.0,S,RTaS,5.0,0.1255
03 Mar 26,25090.25,25089.25,2.5,S,FvgS,5.0,0.001
03 Mar 26,25090.25,25089.25,2.5,S,FvgS,5.0,0.001
03 Mar 26,25301.5,25300.25,15.0,S,F13S,15.0,0.002
03 Mar 26,25301.5,25300.25,15.0,S,F13S,15.0,0.002
03 Mar 26,25232.0,25269.5,367.5,L,FvgL,5.0,0.1456
03 Mar 26,25232.0,25237.25,45.0,L,FvgL,5.0,0.0178
03 Mar 26,25169.5,25094.0,-762.5,L,Fade L,5.0,-0.3029
03 Mar 26,25169.5,25094.0,-762.5,L,Fade L,5.0,-0.3029
03 Mar 26,25209.0,25094.0,-1157.5,L,Confirm add run,5.0,-0.4592
03 Mar 26,25209.0,25094.0,-1157.5,L,Confirm add run,5.0,-0.4592
04 Mar 26,25094.25,25051.25,845.0,S,LvlS,10.0,0.1684
04 Mar 26,25298.0,25344.0,452.5,L,FvgL,5.0,0.1789
04 Mar 26,25298.0,25471.5,1727.5,L,FvgL,5.0,0.6829
04 Mar 26,25471.5,25585.75,-1150.0,S,RFs,5.0,-0.4515
04 Mar 26,25438.25,25585.75,-1482.5,S,RfAS,5.0,-0.5828
04 Mar 26,25659.0,25671.25,345.0,L,F13L,15.0,0.0448
04 Mar 26,25659.0,25680.5,622.5,L,F13L,15.0,0.0809
04 Mar 26,25705.25,25719.0,130.0,L,FvgL,5.0,0.0506
04 Mar 26,25705.25,25660.25,-457.5,L,FvgL,5.0,-0.178
04 Mar 26,25657.5,25582.0,-762.5,L,Fade L,5.0,-0.2972
04 Mar 26,25657.5,25582.0,-762.5,L,Fade L,5.0,-0.2972
05 Mar 26,25528.5,25509.0,187.5,S,FvgS,5.0,0.0734
05 Mar 26,25528.5,25591.75,-640.0,S,FvgS,5.0,-0.2507
05 Mar 26,25584.5,25550.25,670.0,S,LvlS,10.0,0.1309
05 Mar 26,25544.25,25604.0,-1210.0,S,LvlS,10.0,-0.2368
05 Mar 26,25611.0,25576.5,675.0,S,LvlS,10.0,0.1318
05 Mar 26,25525.75,25563.5,370.0,L,FvgL,5.0,0.145
05 Mar 26,25525.75,25531.0,45.0,L,FvgL,5.0,0.0176
05 Mar 26,25532.5,25508.25,235.0,S,FvgS,5.0,0.092
05 Mar 26,25532.5,25527.25,45.0,S,FvgS,5.0,0.0176
05 Mar 26,25532.5,25508.25,235.0,S,FvgS,5.0,0.092
05 Mar 26,25532.5,25527.25,45.0,S,FvgS,5.0,0.0176
05 Mar 26,25401.75,25402.25,-37.5,S,F13S,15.0,-0.0049
05 Mar 26,25401.75,25402.25,-37.5,S,F13S,15.0,-0.0049
05 Mar 26,25559.5,25589.0,575.0,L,LvlL,10.0,0.1125
05 Mar 26,25581.5,25547.75,-345.0,L,FvgL,5.0,-0.1349
05 Mar 26,25579.0,25611.5,635.0,L,LvlL,10.0,0.1241
06 Mar 26,25615.0,25626.75,-250.0,S,Fade S,10.0,-0.0488
06 Mar 26,25576.5,25626.75,-1020.0,S,Confirm add run,10.0,-0.1994
06 Mar 26,25566.5,25527.75,760.0,S,LvlS,10.0,0.1486
06 Mar 26,25464.0,25429.5,675.0,S,LvlS,10.0,0.1325
06 Mar 26,25456.5,25419.5,725.0,S,LvlS,10.0,0.1424
06 Mar 26,25161.0,25335.25,1735.0,L,RFl,5.0,0.6896
06 Mar 26,25179.0,25335.25,1555.0,L,RfAL,5.0,0.6176
06 Mar 26,25159.25,25194.25,342.5,L,PMF long lim,5.0,0.1361
08 Mar 26,24673.5,24587.25,1710.0,S,SydS,10.0,0.3465
09 Mar 26,24725.5,24765.25,780.0,L,LvlL,10.0,0.1577
09 Mar 26,24774.5,24808.5,665.0,L,LvlL,10.0,0.1342
09 Mar 26,24864.25,24869.5,45.0,L,FvgL,5.0,0.0181
09 Mar 26,24890.0,24935.5,895.0,L,LvlL,10.0,0.1798
09 Mar 26,24864.25,24917.5,525.0,L,FvgL,5.0,0.2111
09 Mar 26,24864.25,24869.5,45.0,L,FvgL,5.0,0.0181
09 Mar 26,25103.75,25184.75,2407.5,L,F13L,15.0,0.3197
09 Mar 26,25103.75,25201.25,2902.5,L,F13L,15.0,0.3854
09 Mar 26,25461.0,25411.5,487.5,S,PMF short lim,5.0,0.1915
09 Mar 26,25424.5,25500.0,-762.5,S,Fade S,5.0,-0.2999
09 Mar 26,25424.5,25500.0,-762.5,S,Fade S,5.0,-0.2999
09 Mar 26,25450.75,25500.0,-500.0,S,Confirm add,5.0,-0.1965
09 Mar 26,25450.75,25500.0,-500.0,S,Confirm add,5.0,-0.1965
09 Mar 26,25431.75,25444.0,115.0,L,FvgL,5.0,0.0452
09 Mar 26,25431.75,25437.0,45.0,L,FvgL,5.0,0.0177
10 Mar 26,25427.25,25445.75,177.5,L,FvgL,5.0,0.0698
10 Mar 26,25427.25,25496.75,687.5,L,FvgL,5.0,0.2704
10 Mar 26,25535.0,25430.0,1042.5,S,RTs,5.0,0.4083
10 Mar 26,25530.75,25430.0,1000.0,S,RTaS,5.0,0.3917
10 Mar 26,25494.0,25529.0,342.5,L,PMF long lim,5.0,0.1343
10 Mar 26,25515.0,25481.75,650.0,S,LvlS,10.0,0.1274
10 Mar 26,25534.25,25568.0,660.0,L,SydL,10.0,0.1292
11 Mar 26,25604.75,25571.5,650.0,S,Fade S,10.0,0.1269
11 Mar 26,25564.25,25571.5,-160.0,S,Confirm add run,10.0,-0.0313
11 Mar 26,25527.75,25495.75,625.0,S,LvlS,10.0,0.1224
11 Mar 26,25489.25,25441.5,940.0,S,LvlS,10.0,0.1844
11 Mar 26,25437.5,25497.25,-1210.0,S,LvlS,10.0,-0.2378
11 Mar 26,25497.25,25460.5,720.0,S,LvlS,10.0,0.1412
11 Mar 26,25506.25,25503.0,25.0,S,FvgS,5.0,0.0098
11 Mar 26,25506.25,25503.0,25.0,S,FvgS,5.0,0.0098
11 Mar 26,25521.5,25526.75,45.0,L,FvgL,5.0,0.0176
11 Mar 26,25521.5,25526.75,45.0,L,FvgL,5.0,0.0176
11 Mar 26,25521.5,25454.25,-1360.0,L,FvgL,10.0,-0.2664
11 Mar 26,25324.5,25242.5,812.5,S,Fade S,5.0,0.3208
11 Mar 26,25284.25,25242.5,410.0,S,Confirm add run,5.0,0.1622
12 Mar 26,25324.5,25267.25,565.0,S,Fade S,5.0,0.2231
12 Mar 26,25284.25,25267.25,162.5,S,Confirm add run,5.0,0.0643
12 Mar 26,25358.25,25393.5,345.0,L,FvgL,5.0,0.1361
12 Mar 26,25358.25,25363.5,45.0,L,FvgL,5.0,0.0177
12 Mar 26,25400.75,25341.0,-1210.0,L,LvlL,10.0,-0.2382
12 Mar 26,25206.25,25124.5,-825.0,L,RTl,5.0,-0.3273
12 Mar 26,25121.5,25126.0,37.5,L,PMF long lim,5.0,0.0149
12 Mar 26,25100.5,25080.0,197.5,S,FvgS,5.0,0.0787
12 Mar 26,25100.5,25023.5,762.5,S,FvgS,5.0,0.3038
12 Mar 26,25067.25,25103.0,-365.0,S,FvgS,5.0,-0.1456
12 Mar 26,25067.25,25103.0,-365.0,S,FvgS,5.0,-0.1456
13 Mar 26,25119.75,25070.75,965.0,S,Fade S,10.0,0.1921
13 Mar 26,25147.75,25070.75,1525.0,S,Confirm add,10.0,0.3032
13 Mar 26,25083.75,25070.75,245.0,S,Confirm add run,10.0,0.0488
13 Mar 26,25101.0,25085.5,147.5,S,FvgS,5.0,0.0588
13 Mar 26,25101.0,25042.25,580.0,S,FvgS,5.0,0.2311
13 Mar 26,24967.75,25081.75,-1147.5,S,FvgS,5.0,-0.4596
13 Mar 26,24967.75,25081.75,-1147.5,S,FvgS,5.0,-0.4596
13 Mar 26,25029.75,25061.75,625.0,L,LvlL,10.0,0.1249
13 Mar 26,25081.25,25114.0,640.0,L,LvlL,10.0,0.1276
13 Mar 26,25230.5,24916.0,3137.5,S,RFs,5.0,1.2435
13 Mar 26,25182.5,24916.0,2657.5,S,RfAS,5.0,1.0553
13 Mar 26,24969.5,24944.0,742.5,S,F13S,15.0,0.0991
13 Mar 26,24969.5,24922.0,467.5,S,F13S,5.0,0.1872
13 Mar 26,24969.5,24923.25,910.0,S,F13S,10.0,0.1822
13 Mar 26,24884.75,24880.25,37.5,S,PMF short lim,5.0,0.0151
15 Mar 26,24868.25,24928.0,-1210.0,S,LvlS,10.0,-0.2433
15 Mar 26,24983.5,25018.5,342.5,L,FvgL,5.0,0.1371
15 Mar 26,24983.5,25018.5,342.5,L,FvgL,5.0,0.1371
15 Mar 26,25002.5,25046.75,870.0,L,LvlL,10.0,0.174
16 Mar 26,25031.0,25000.75,590.0,S,LvlS,10.0,0.1179
16 Mar 26,25013.25,25055.5,830.0,L,LvlL,10.0,0.1659
16 Mar 26,25159.0,25186.5,267.5,L,RFl,5.0,0.1063
16 Mar 26,25184.25,25186.5,15.0,L,RfAL,5.0,0.006
16 Mar 26,25191.5,25156.5,342.5,S,PMF short lim,5.0,0.136
17 Mar 26,25123.25,25144.75,415.0,L,Fade L,10.0,0.0826
17 Mar 26,25097.5,25144.75,930.0,L,Confirm add,10.0,0.1853
17 Mar 26,25079.5,25069.25,95.0,S,FvgS,5.0,0.0379
17 Mar 26,25079.5,25041.5,372.5,S,FvgS,5.0,0.1485
17 Mar 26,25079.5,25069.25,95.0,S,FvgS,5.0,0.0379
17 Mar 26,25079.5,25074.25,45.0,S,FvgS,5.0,0.0179
17 Mar 26,25079.5,25112.25,-335.0,S,FvgS,5.0,-0.1336
17 Mar 26,25079.5,25112.25,-335.0,S,FvgS,5.0,-0.1336
17 Mar 26,25296.75,25405.75,-1097.5,S,RTs,5.0,-0.4339
17 Mar 26,25329.5,25353.0,227.5,L,FvgL,5.0,0.0898
17 Mar 26,25329.5,25334.75,45.0,L,FvgL,5.0,0.0178
17 Mar 26,25329.5,25353.0,227.5,L,FvgL,5.0,0.0898
17 Mar 26,25329.5,25334.75,45.0,L,FvgL,5.0,0.0178
17 Mar 26,25281.25,25298.75,502.5,L,F13L,15.0,0.0663
17 Mar 26,25281.25,25313.75,952.5,L,F13L,15.0,0.1256
17 Mar 26,25299.0,25290.25,-95.0,L,PMF long lim,5.0,-0.0376
17 Mar 26,25329.25,25372.0,840.0,L,LvlL,10.0,0.1658
18 Mar 26,25371.75,25447.25,-762.5,S,Fade S,5.0,-0.3005
18 Mar 26,25371.75,25447.25,-762.5,S,Fade S,5.0,-0.3005
18 Mar 26,25463.5,25403.75,-1210.0,L,LvlL,10.0,-0.2376
18 Mar 26,25143.75,25178.75,342.5,L,RFl,5.0,0.1362
18 Mar 26,25164.25,25178.75,137.5,L,RfAL,5.0,0.0546
18 Mar 26,25168.0,25143.25,240.0,S,FvgS,5.0,0.0954
18 Mar 26,25168.0,25162.75,45.0,S,FvgS,5.0,0.0179
18 Mar 26,25149.25,25127.75,622.5,S,F13S,15.0,0.0825
18 Mar 26,25149.25,25109.25,392.5,S,F13S,5.0,0.1561
18 Mar 26,25149.25,25111.75,735.0,S,F13S,10.0,0.1461
18 Mar 26,25013.75,25018.25,37.5,L,PMF long lim,5.0,0.015
19 Mar 26,24953.0,24927.25,500.0,S,Fade S,10.0,0.1002
19 Mar 26,24899.75,24927.25,-565.0,S,Confirm add run,10.0,-0.1135
19 Mar 26,24887.5,24843.25,870.0,S,LvlS,10.0,0.1748
19 Mar 26,24805.75,24678.5,2530.0,S,LvlS,10.0,0.51
19 Mar 26,24665.0,24772.75,1070.0,L,RTl,5.0,0.4338
19 Mar 26,24766.0,24744.25,210.0,S,FvgS,5.0,0.0848
19 Mar 26,24766.0,24760.75,45.0,S,FvgS,5.0,0.0182
19 Mar 26,24891.5,24889.25,15.0,S,PMF short lim,5.0,0.006
20 Mar 26,24898.0,24869.0,565.0,S,SydS,10.0,0.1135
20 Mar 26,24897.0,24869.0,272.5,S,Syd add,5.0,0.1095
20 Mar 26,24754.75,24721.25,655.0,S,LvlS,10.0,0.1323
20 Mar 26,24735.75,24795.5,-1210.0,S,LvlS,10.0,-0.2446
20 Mar 26,24813.0,24526.5,2857.5,S,RFs,5.0,1.1516
20 Mar 26,24648.25,24643.0,45.0,S,FvgS,5.0,0.0183
20 Mar 26,24648.25,24643.0,45.0,S,FvgS,5.0,0.0183
20 Mar 26,24351.25,24328.0,-240.0,L,PMF long lim,5.0,-0.0986
20 Mar 26,24264.25,24328.0,630.0,L,PMF split,5.0,0.2596
20 Mar 26,24297.0,24328.0,605.0,L,PMF add,10.0,0.1245
22 Mar 26,24267.75,24357.5,-1810.0,S,SydS,10.0,-0.3729
22 Mar 26,24312.25,24256.0,555.0,S,FvgS,5.0,0.2283
23 Mar 26,24312.25,24307.0,45.0,S,FvgS,5.0,0.0185
23 Mar 26,24268.25,24136.75,2615.0,S,LvlS,10.0,0.5388
23 Mar 26,24106.25,24166.0,-1210.0,S,LvlS,10.0,-0.251
23 Mar 26,24921.5,24725.0,1957.5,S,RFs,5.0,0.7855
23 Mar 26,24895.75,24725.0,1700.0,S,RfAS,5.0,0.6828
23 Mar 26,24609.0,24648.25,1155.0,L,F13L,15.0,0.1564
23 Mar 26,24609.0,24666.25,565.0,L,F13L,5.0,0.2296
23 Mar 26,24609.0,24663.25,1070.0,L,F13L,10.0,0.2174
23 Mar 26,24768.5,24762.25,55.0,S,PMF short lim,5.0,0.0222
23 Mar 26,24612.75,24537.25,-762.5,L,Fade L,5.0,-0.3098
23 Mar 26,24612.75,24537.25,-762.5,L,Fade L,5.0,-0.3098
23 Mar 26,24662.0,24537.25,-1255.0,L,Confirm add run,5.0,-0.5089
23 Mar 26,24662.0,24537.25,-1255.0,L,Confirm add run,5.0,-0.5089
23 Mar 26,24586.5,24537.25,-500.0,L,Confirm add,5.0,-0.2034
23 Mar 26,24586.5,24537.25,-500.0,L,Confirm add,5.0,-0.2034
24 Mar 26,24599.75,24586.25,127.5,S,FvgS,5.0,0.0518
24 Mar 26,24599.75,24548.75,502.5,S,FvgS,5.0,0.2043
24 Mar 26,24563.25,24552.75,97.5,S,FvgS,5.0,0.0397
24 Mar 26,24563.25,24524.0,385.0,S,FvgS,5.0,0.1567
24 Mar 26,24563.25,24597.0,-345.0,S,FvgS,5.0,-0.1405
24 Mar 26,24563.25,24597.0,-345.0,S,FvgS,5.0,-0.1405
24 Mar 26,24563.25,24552.75,97.5,S,FvgS,5.0,0.0397
24 Mar 26,24563.25,24597.0,-345.0,S,FvgS,5.0,-0.1405
24 Mar 26,24714.75,24522.25,-1932.5,L,FvgL,5.0,-0.7819
24 Mar 26,24714.75,24522.25,-1932.5,L,FvgL,5.0,-0.7819
24 Mar 26,24466.25,24571.25,1042.5,L,RTl,5.0,0.4261
24 Mar 26,24471.75,24571.25,987.5,L,RTaL,5.0,0.4035
24 Mar 26,24608.5,24578.75,290.0,S,FvgS,5.0,0.1178
24 Mar 26,24608.5,24607.25,5.0,S,FvgS,5.0,0.002
24 Mar 26,24608.5,24578.75,290.0,S,FvgS,5.0,0.1178
24 Mar 26,24608.5,24603.25,45.0,S,FvgS,5.0,0.0183
24 Mar 26,24561.25,24526.25,342.5,S,PMF short lim,5.0,0.1394
24 Mar 26,24694.75,24672.0,440.0,S,SydS,10.0,0.0891
25 Mar 26,24689.5,24670.75,180.0,S,Syd add,5.0,0.0729
25 Mar 26,24787.0,24645.5,1407.5,S,RFs,5.0,0.5678
25 Mar 26,24771.25,24645.5,1250.0,S,RfAS,5.0,0.5046
25 Mar 26,24748.75,24702.5,455.0,S,FvgS,5.0,0.1838
25 Mar 26,24748.75,24743.5,45.0,S,FvgS,5.0,0.0182
25 Mar 26,24646.5,24669.0,217.5,L,PMF long lim,5.0,0.0882
25 Mar 26,24619.5,24584.0,695.0,S,LvlS,10.0,0.1411
25 Mar 26,24646.75,24684.25,-382.5,S,FvgS,5.0,-0.1552
25 Mar 26,24646.75,24684.25,-382.5,S,FvgS,5.0,-0.1552
25 Mar 26,24693.5,24611.5,812.5,S,Fade S,5.0,0.329
25 Mar 26,24652.0,24611.5,397.5,S,Confirm add run,5.0,0.1612
25 Mar 26,24693.5,24673.0,197.5,S,Fade S,5.0,0.08
26 Mar 26,24652.0,24593.0,582.5,S,Confirm add run,5.0,0.2363
26 Mar 26,24548.5,24514.25,670.0,S,LvlS,10.0,0.1365
26 Mar 26,24436.75,24405.75,605.0,S,LvlS,10.0,0.1238
26 Mar 26,24488.25,24383.25,1042.5,S,RTs,5.0,0.4257
26 Mar 26,24481.75,24383.25,977.5,S,RTaS,5.0,0.3993
26 Mar 26,24135.0,24102.75,-330.0,L,PMF long lim,5.0,-0.1367
26 Mar 26,24158.75,24149.0,90.0,S,FvgS,5.0,0.0373
26 Mar 26,24158.75,24190.75,-327.5,S,FvgS,5.0,-0.1356
27 Mar 26,24155.5,24237.5,812.5,L,Fade L,5.0,0.3364
27 Mar 26,24128.5,24237.5,1082.5,L,Confirm add,5.0,0.4486
27 Mar 26,24193.25,24237.5,435.0,L,Confirm add run,5.0,0.1798
27 Mar 26,24155.5,24261.0,1047.5,L,Fade L,5.0,0.4336
27 Mar 26,24128.5,24261.0,1317.5,L,Confirm add,5.0,0.546
27 Mar 26,24193.25,24261.0,670.0,L,Confirm add run,5.0,0.2769
27 Mar 26,23959.0,23947.5,107.5,S,FvgS,5.0,0.0449
27 Mar 26,23959.0,23915.5,427.5,S,FvgS,5.0,0.1784
27 Mar 26,23885.0,23748.5,-1372.5,L,RFl,5.0,-0.5746
27 Mar 26,23839.25,23780.0,585.0,S,FvgS,5.0,0.2454
27 Mar 26,23839.25,23834.0,45.0,S,FvgS,5.0,0.0189
27 Mar 26,23839.25,23850.0,-115.0,S,FvgS,5.0,-0.0482
27 Mar 26,23839.25,23850.0,-115.0,S,FvgS,5.0,-0.0482
29 Mar 26,23530.75,23496.25,337.5,S,FvgS,5.0,0.1434
29 Mar 26,23530.75,23525.5,45.0,S,FvgS,5.0,0.0191
29 Mar 26,23401.5,23478.75,-1560.0,S,SydS,10.0,-0.3333
29 Mar 26,23519.75,23467.5,515.0,S,FvgS,5.0,0.219
29 Mar 26,23519.75,23514.5,45.0,S,FvgS,5.0,0.0191
30 Mar 26,23774.25,23630.75,-1442.5,L,RFl,5.0,-0.6067
30 Mar 26,23687.0,23648.25,380.0,S,FvgS,5.0,0.1604
30 Mar 26,23687.0,23681.75,45.0,S,FvgS,5.0,0.019
30 Mar 26,23687.0,23648.25,380.0,S,FvgS,5.0,0.1604
30 Mar 26,23687.0,23540.5,1457.5,S,FvgS,5.0,0.6153
30 Mar 26,23368.25,23326.0,415.0,S,FvgS,5.0,0.1776
30 Mar 26,23356.0,23355.5,-5.0,S,LvlS,10.0,-0.0011
30 Mar 26,23368.25,23384.5,-170.0,S,FvgS,5.0,-0.0727
30 Mar 26,23405.25,23480.75,-762.5,S,Fade S,5.0,-0.3258
30 Mar 26,23405.25,23480.75,-762.5,S,Fade S,5.0,-0.3258
30 Mar 26,23488.75,23529.5,800.0,L,LvlL,10.0,0.1703
30 Mar 26,23628.25,23646.75,177.5,L,FvgL,5.0,0.0751
30 Mar 26,23628.25,23697.75,687.5,L,FvgL,5.0,0.291
31 Mar 26,23628.25,23568.5,-605.0,L,FvgL,5.0,-0.256
31 Mar 26,23628.25,23568.5,-605.0,L,FvgL,5.0,-0.256
31 Mar 26,23568.75,23603.75,685.0,L,LvlL,10.0,0.1453
31 Mar 26,23617.5,23632.5,142.5,L,FvgL,5.0,0.0603
31 Mar 26,23617.5,23569.0,-492.5,L,FvgL,5.0,-0.2085
31 Mar 26,23608.0,23642.25,335.0,L,FvgL,5.0,0.1419
31 Mar 26,23608.0,23737.0,1282.5,L,FvgL,5.0,0.5432
31 Mar 26,23815.5,23731.25,835.0,S,RTs,5.0,0.3506
31 Mar 26,23773.25,23731.25,412.5,S,RTaS,5.0,0.1735
31 Mar 26,23754.25,23771.25,162.5,L,FvgL,5.0,0.0684
31 Mar 26,23754.25,23759.5,45.0,L,FvgL,5.0,0.0189
31 Mar 26,23754.25,23771.25,162.5,L,FvgL,5.0,0.0684
31 Mar 26,23754.25,23818.25,632.5,L,FvgL,5.0,0.2663
31 Mar 26,24170.5,24129.25,1215.0,S,F13S,15.0,0.1676
31 Mar 26,24170.5,24169.25,5.0,S,F13S,5.0,0.0021
31 Mar 26,24170.5,24170.0,-5.0,S,F13S,10.0,-0.001
01 Apr 26,24339.5,24339.5,-15.0,L,SydL,10.0,-0.0031
01 Apr 26,24336.75,24339.5,20.0,L,Syd add,5.0,0.0082
01 Apr 26,24439.5,24473.5,665.0,L,LvlL,10.0,0.1361
01 Apr 26,24391.5,24419.0,267.5,L,FvgL,5.0,0.1097
01 Apr 26,24391.5,24396.75,45.0,L,FvgL,5.0,0.0184
01 Apr 26,24599.75,24600.0,-10.0,S,RFs,5.0,-0.0041
01 Apr 26,24602.0,24485.25,-3525.0,L,F13L,15.0,-0.4776
01 Apr 26,24602.0,24485.25,-3525.0,L,F13L,15.0,-0.4776
01 Apr 26,24525.75,24501.75,-247.5,L,PMF long lim,5.0,-0.1009
01 Apr 26,24489.75,24407.75,812.5,S,Fade S,5.0,0.3318
01 Apr 26,24444.25,24405.0,385.0,S,Confirm add run,5.0,0.1575
01 Apr 26,24489.75,24469.25,197.5,S,Fade S,5.0,0.0806
01 Apr 26,24444.25,24274.75,1687.5,S,Confirm add run,5.0,0.6903
02 Apr 26,24078.25,23973.25,1042.5,S,RTs,5.0,0.433
02 Apr 26,24069.5,23973.25,955.0,S,RTaS,5.0,0.3968
02 Apr 26,24440.75,24384.0,-575.0,L,FvgL,5.0,-0.2353
02 Apr 26,24440.75,24384.0,-575.0,L,FvgL,5.0,-0.2353
02 Apr 26,24441.0,24481.75,-415.0,S,PMF short lim,5.0,-0.1698
02 Apr 26,24477.0,24482.25,45.0,L,FvgL,5.0,0.0184
02 Apr 26,24477.0,24482.25,45.0,L,FvgL,5.0,0.0184
02 Apr 26,24501.5,24529.0,535.0,L,LvlL,10.0,0.1092
03 Apr 26,24491.25,24471.0,-420.0,L,Fade L,10.0,-0.0857
03 Apr 26,24466.0,24471.0,85.0,L,Confirm add,10.0,0.0174
03 Apr 26,24472.25,24434.0,-390.0,L,FvgL,5.0,-0.1594
03 Apr 26,24472.25,24434.0,-390.0,L,FvgL,5.0,-0.1594
03 Apr 26,24477.25,24451.5,250.0,S,FvgS,5.0,0.1021
05 Apr 26,24477.25,24379.5,970.0,S,FvgS,5.0,0.3963
05 Apr 26,24399.0,24442.0,-437.5,S,FvgS,5.0,-0.1793
05 Apr 26,24399.0,24442.0,-437.5,S,FvgS,5.0,-0.1793
05 Apr 26,24509.25,24434.75,-752.5,L,FvgL,5.0,-0.307
05 Apr 26,24509.25,24434.75,-752.5,L,FvgL,5.0,-0.307
06 Apr 26,24529.75,24539.25,87.5,L,FvgL,5.0,0.0357
06 Apr 26,24529.75,24565.75,352.5,L,FvgL,5.0,0.1437
06 Apr 26,24663.75,24604.0,-1210.0,L,LvlL,10.0,-0.2453
06 Apr 26,24662.75,24596.75,-667.5,L,FvgL,5.0,-0.2707
06 Apr 26,24605.0,24569.75,690.0,S,LvlS,10.0,0.1402
06 Apr 26,24572.0,24589.75,170.0,L,RFl,5.0,0.0692
06 Apr 26,24588.25,24589.75,7.5,L,RfAL,5.0,0.0031
06 Apr 26,24580.5,24594.75,135.0,L,FvgL,5.0,0.0549
06 Apr 26,24580.5,24633.75,525.0,L,FvgL,5.0,0.2136
06 Apr 26,24630.0,24653.25,-240.0,S,PMF short lim,5.0,-0.0974
06 Apr 26,24624.25,24585.0,770.0,S,LvlS,10.0,0.1563
06 Apr 26,24634.25,24552.25,812.5,S,Fade S,5.0,0.3298
06 Apr 26,24590.75,24552.25,377.5,S,Confirm add run,5.0,0.1535
07 Apr 26,24634.25,24542.25,912.5,S,Fade S,5.0,0.3704
07 Apr 26,24590.75,24542.25,477.5,S,Confirm add run,5.0,0.1942
07 Apr 26,24534.75,24594.5,-1210.0,S,LvlS,10.0,-0.2466
07 Apr 26,24602.0,24559.0,845.0,S,LvlS,10.0,0.1717
07 Apr 26,24562.75,24516.5,455.0,S,FvgS,5.0,0.1852
07 Apr 26,24562.75,24557.5,45.0,S,FvgS,5.0,0.0183
07 Apr 26,24432.0,24431.0,2.5,S,FvgS,5.0,0.001
07 Apr 26,24432.0,24431.0,2.5,S,FvgS,5.0,0.001
07 Apr 26,24387.0,24331.5,547.5,S,FvgS,5.0,0.2245
07 Apr 26,24387.0,24381.75,45.0,S,FvgS,5.0,0.0185
07 Apr 26,24477.0,24496.25,555.0,L,F13L,15.0,0.0756
07 Apr 26,24477.0,24512.75,1050.0,L,F13L,15.0,0.143
07 Apr 26,24509.0,24544.0,342.5,L,PMF long lim,5.0,0.1397
07 Apr 26,24764.0,24760.5,-42.5,L,FvgL,5.0,-0.0172
07 Apr 26,24764.0,24760.5,-42.5,L,FvgL,5.0,-0.0172
08 Apr 26,25380.5,25474.25,1860.0,L,SydL,10.0,0.3664
08 Apr 26,25382.75,25474.25,907.5,L,Syd add,5.0,0.3575
08 Apr 26,25492.25,25504.0,110.0,L,FvgL,5.0,0.0432
08 Apr 26,25492.25,25536.75,437.5,L,FvgL,5.0,0.1716
08 Apr 26,25511.75,25223.25,2877.5,S,RFs,5.0,1.1279
08 Apr 26,25361.0,25375.5,137.5,L,FvgL,5.0,0.0542
08 Apr 26,25361.0,25415.25,535.0,L,FvgL,5.0,0.211
08 Apr 26,25405.25,25422.25,487.5,L,F13L,15.0,0.064
08 Apr 26,25405.25,25307.5,-2955.0,L,F13L,15.0,-0.3877
08 Apr 26,25250.25,25285.25,342.5,L,PMF long lim,5.0,0.1356
08 Apr 26,25312.5,25294.5,345.0,S,SydS,10.0,0.0681
09 Apr 26,25282.0,25305.5,455.0,L,Fade L,10.0,0.09
09 Apr 26,25317.75,25305.5,-260.0,L,Confirm add run,10.0,-0.0513
09 Apr 26,25330.75,25271.0,-1210.0,L,LvlL,10.0,-0.2388
09 Apr 26,25292.25,25323.0,600.0,L,LvlL,10.0,0.1186
09 Apr 26,25257.25,25362.25,1042.5,L,RTl,5.0,0.4128
09 Apr 26,25543.75,25519.0,720.0,S,F13S,15.0,0.094
09 Apr 26,25543.75,25497.5,1365.0,S,F13S,15.0,0.1781
09 Apr 26,25515.0,25550.0,342.5,L,PMF long lim,5.0,0.1342
09 Apr 26,25537.75,25572.75,685.0,L,LvlL,10.0,0.1341
10 Apr 26,25571.5,25569.75,20.0,S,Fade S,10.0,0.0039
10 Apr 26,25527.75,25587.5,-1210.0,S,LvlS,10.0,-0.237
10 Apr 26,25551.5,25586.5,342.5,L,RFl,5.0,0.134
10 Apr 26,25555.75,25538.0,170.0,S,FvgS,5.0,0.0665
10 Apr 26,25555.75,25613.5,-585.0,S,FvgS,5.0,-0.2289
12 Apr 26,25280.25,25314.75,675.0,L,SydL,10.0,0.1335
13 Apr 26,25370.5,25339.25,610.0,S,LvlS,10.0,0.1202
13 Apr 26,25437.0,25465.5,277.5,L,FvgL,5.0,0.1091
13 Apr 26,25437.0,25544.5,1067.5,L,FvgL,5.0,0.4197
13 Apr 26,25564.5,25583.5,-197.5,S,RFs,5.0,-0.0773
13 Apr 26,25576.25,25587.5,105.0,L,FvgL,5.0,0.0411
13 Apr 26,25576.25,25539.75,-372.5,L,FvgL,5.0,-0.1456
13 Apr 26,25645.25,25688.0,420.0,L,FvgL,5.0,0.1638
13 Apr 26,25645.25,25719.25,732.5,L,FvgL,5.0,0.2856
13 Apr 26,25719.25,25708.5,300.0,S,F13S,15.0,0.0389
13 Apr 26,25719.25,25699.25,577.5,S,F13S,15.0,0.0748
14 Apr 26,25891.25,25886.75,75.0,S,Fade S,10.0,0.0145
14 Apr 26,26060.25,26184.75,-1252.5,S,RTs,5.0,-0.4806
14 Apr 26,26230.75,26216.75,397.5,S,F13S,15.0,0.0505
14 Apr 26,26230.75,26211.0,570.0,S,F13S,15.0,0.0724
14 Apr 26,26282.25,26277.75,37.5,S,PMF short lim,5.0,0.0143
15 Apr 26,26291.0,26300.25,170.0,L,Fade L,10.0,0.0323
15 Apr 26,26327.75,26300.25,-565.0,L,Confirm add run,10.0,-0.1073
15 Apr 26,26288.5,26259.0,575.0,S,LvlS,10.0,0.1094
15 Apr 26,26317.25,26445.5,-1290.0,S,RFs,5.0,-0.4902
15 Apr 26,26630.5,26646.25,-165.0,S,PMF short lim,5.0,-0.062
15 Apr 26,26709.25,26727.0,340.0,L,SydL,10.0,0.0636
15 Apr 26,26709.0,26727.0,172.5,L,Syd add,5.0,0.0646
16 Apr 26,26726.5,26715.5,205.0,S,Fade S,10.0,0.0384
16 Apr 26,26735.75,26704.75,605.0,S,LvlS,10.0,0.1131
16 Apr 26,26739.25,26679.5,-1210.0,L,LvlL,10.0,-0.2263
16 Apr 26,26720.75,26689.75,605.0,S,LvlS,10.0,0.1132
16 Apr 26,26669.75,26774.75,1042.5,L,RTl,5.0,0.3909
16 Apr 26,26673.5,26774.75,1005.0,L,RTaL,5.0,0.3768
16 Apr 26,26734.75,26735.0,-5.0,L,FvgL,5.0,-0.0019
16 Apr 26,26734.75,26735.0,-5.0,L,FvgL,5.0,-0.0019
16 Apr 26,26731.5,26747.0,442.5,L,F13L,15.0,0.0552
16 Apr 26,26731.5,26760.25,840.0,L,F13L,15.0,0.1047
17 Apr 26,26787.25,26752.0,690.0,S,Fade S,10.0,0.1288
17 Apr 26,26750.25,26752.0,-50.0,S,Confirm add run,10.0,-0.0093
17 Apr 26,26800.25,26811.75,107.5,L,FvgL,5.0,0.0401
17 Apr 26,26800.25,26805.5,45.0,L,FvgL,5.0,0.0168
17 Apr 26,26868.75,26884.25,147.5,L,FvgL,5.0,0.0549
17 Apr 26,26868.75,26927.5,580.0,L,FvgL,5.0,0.2159
17 Apr 26,26897.75,26920.25,217.5,L,FvgL,5.0,0.0809
17 Apr 26,26897.75,26980.25,817.5,L,FvgL,5.0,0.3039
17 Apr 26,27010.5,27074.5,-647.5,S,RFs,5.0,-0.2397
17 Apr 26,27073.0,27078.25,45.0,L,FvgL,5.0,0.0166
17 Apr 26,27073.0,27078.25,45.0,L,FvgL,5.0,0.0166
17 Apr 26,27095.0,27123.5,832.5,L,F13L,15.0,0.1024
17 Apr 26,27095.0,27123.0,817.5,L,F13L,15.0,0.1006
20 Apr 26,26966.75,26987.5,200.0,L,FvgL,5.0,0.0742
20 Apr 26,26966.75,26972.0,45.0,L,FvgL,5.0,0.0167
20 Apr 26,26987.75,27017.25,575.0,L,LvlL,10.0,0.1065
20 Apr 26,27005.25,27038.5,650.0,L,LvlL,10.0,0.1203
20 Apr 26,27047.25,26964.5,820.0,S,RFs,5.0,0.3032
20 Apr 26,27021.75,27009.0,120.0,S,PMF short lim,5.0,0.0444
21 Apr 26,27080.5,27132.75,1030.0,L,Fade L,10.0,0.1902
21 Apr 26,27119.0,27132.75,260.0,L,Confirm add run,10.0,0.0479
21 Apr 26,27122.75,27093.25,575.0,S,LvlS,10.0,0.106
21 Apr 26,27112.5,27172.25,-1210.0,S,LvlS,10.0,-0.2231
21 Apr 26,27052.25,27158.0,1050.0,L,RTl,5.0,0.3881
21 Apr 26,27098.75,26983.0,-1165.0,L,FvgL,5.0,-0.4299
21 Apr 26,27098.75,26983.0,-1165.0,L,FvgL,5.0,-0.4299
21 Apr 26,27060.75,27026.0,340.0,S,FvgS,5.0,0.1256
21 Apr 26,27060.75,27055.5,45.0,S,FvgS,5.0,0.0166
21 Apr 26,27060.75,27026.0,340.0,S,FvgS,5.0,0.1256
21 Apr 26,27060.75,26929.5,1305.0,S,FvgS,5.0,0.4822
21 Apr 26,27071.25,27036.25,342.5,S,PMF short lim,5.0,0.1265
21 Apr 26,26897.5,26898.75,15.0,L,F13L,15.0,0.0019
21 Apr 26,26897.5,26898.75,15.0,L,F13L,15.0,0.0019
22 Apr 26,27118.75,27085.5,650.0,S,Fade S,10.0,0.1198
22 Apr 26,27077.5,27085.5,-175.0,S,Confirm add run,10.0,-0.0323
22 Apr 26,27120.25,27082.0,-390.0,L,FvgL,5.0,-0.1438
22 Apr 26,27123.25,27142.75,187.5,L,FvgL,5.0,0.0691
22 Apr 26,27130.75,27170.5,780.0,L,LvlL,10.0,0.1437
22 Apr 26,27143.75,27170.5,260.0,L,FvgL,5.0,0.0958
22 Apr 26,27143.75,27149.0,45.0,L,FvgL,5.0,0.0166
22 Apr 26,27112.25,27293.75,1807.5,L,RFl,5.0,0.6667
22 Apr 26,27326.25,27273.25,-537.5,L,FvgL,5.0,-0.1967
22 Apr 26,27326.25,27273.25,-537.5,L,FvgL,5.0,-0.1967
22 Apr 26,27326.25,27342.75,157.5,L,FvgL,5.0,0.0576
22 Apr 26,27326.25,27331.5,45.0,L,FvgL,5.0,0.0165
22 Apr 26,27326.25,27273.25,-537.5,L,FvgL,5.0,-0.1967
22 Apr 26,27326.25,27273.25,-537.5,L,FvgL,5.0,-0.1967
22 Apr 26,27272.0,27194.5,1535.0,S,LvlS,10.0,0.2814
23 Apr 26,27179.5,27239.25,-1210.0,S,LvlS,10.0,-0.2226
23 Apr 26,27213.75,27289.0,-760.0,S,FvgS,5.0,-0.2793
23 Apr 26,27263.0,27280.5,167.5,L,FvgL,5.0,0.0614
23 Apr 26,27285.25,27225.5,-1210.0,L,LvlL,10.0,-0.2217
23 Apr 26,27263.0,27206.25,-575.0,L,FvgL,5.0,-0.2109
23 Apr 26,27236.25,27220.75,147.5,S,FvgS,5.0,0.0542
23 Apr 26,27236.25,27286.75,-512.5,S,FvgS,5.0,-0.1882
23 Apr 26,27241.25,27304.5,1250.0,L,LvlL,10.0,0.2294
23 Apr 26,27262.75,27299.0,710.0,L,FvgL,10.0,0.1302
23 Apr 26,27283.0,27324.75,410.0,L,RTl,5.0,0.1503
23 Apr 26,27292.75,27324.75,312.5,L,RTaL,5.0,0.1145
23 Apr 26,27286.75,27325.25,377.5,L,FvgL,5.0,0.1383
23 Apr 26,27286.75,27432.0,1445.0,L,FvgL,5.0,0.5296
23 Apr 26,27415.75,27426.75,102.5,L,FvgL,5.0,0.0374
23 Apr 26,27415.75,27380.0,-365.0,L,FvgL,5.0,-0.1331
23 Apr 26,27234.75,27201.5,325.0,S,FvgS,5.0,0.1193
23 Apr 26,27234.75,27191.25,427.5,S,FvgS,5.0,0.157
23 Apr 26,27191.25,27211.25,192.5,L,F13L,5.0,0.0708
23 Apr 26,27191.25,27192.5,15.0,L,F13L,15.0,0.0018
23 Apr 26,27191.25,27192.5,15.0,L,F13L,15.0,0.0018
23 Apr 26,27419.5,27337.5,812.5,S,Fade S,5.0,0.2963
23 Apr 26,27383.5,27337.5,452.5,S,Confirm add run,5.0,0.1652
24 Apr 26,27419.5,27350.25,685.0,S,Fade S,5.0,0.2498
24 Apr 26,27383.5,27350.25,325.0,S,Confirm add run,5.0,0.1187
24 Apr 26,27371.0,27430.75,-1210.0,S,LvlS,10.0,-0.221
24 Apr 26,27377.0,27389.5,117.5,L,FvgL,5.0,0.0429
24 Apr 26,27377.0,27423.75,460.0,L,FvgL,5.0,0.168
24 Apr 26,27570.0,27510.25,-1210.0,L,LvlL,10.0,-0.2194
24 Apr 26,27495.25,27662.5,1665.0,L,RFl,5.0,0.6056
24 Apr 26,27690.75,27700.0,255.0,L,F13L,15.0,0.0307
24 Apr 26,27690.75,27707.75,487.5,L,F13L,15.0,0.0587
26 Apr 26,27707.75,27725.0,330.0,L,SydL,10.0,0.0596
27 Apr 26,27809.75,27750.0,-1210.0,L,LvlL,10.0,-0.2175
27 Apr 26,27795.5,27743.25,-530.0,L,FvgL,5.0,-0.1907
27 Apr 26,27754.0,27722.0,625.0,S,LvlS,10.0,0.1126
27 Apr 26,27714.25,27681.75,635.0,S,LvlS,10.0,0.1146
27 Apr 26,27668.25,27677.75,87.5,L,RFl,5.0,0.0316
27 Apr 26,27729.5,27701.75,270.0,S,FvgS,5.0,0.0974
27 Apr 26,27729.5,27724.25,45.0,S,FvgS,5.0,0.0162
27 Apr 26,27784.25,27724.5,-1210.0,L,LvlL,10.0,-0.2177
28 Apr 26,27745.5,27603.75,-1425.0,L,FvgL,5.0,-0.5136
28 Apr 26,27640.0,27610.5,575.0,S,LvlS,10.0,0.104
28 Apr 26,27479.25,27374.25,1042.5,S,RTs,5.0,0.3794
28 Apr 26,27480.75,27374.25,1057.5,S,RTaS,5.0,0.3848
28 Apr 26,27424.0,27484.5,-1225.0,S,FvgS,10.0,-0.2233
28 Apr 26,27587.25,27505.25,812.5,S,Fade S,5.0,0.2945
28 Apr 26,27546.75,27505.25,407.5,S,Confirm add run,5.0,0.1479
29 Apr 26,27587.25,27581.5,50.0,S,Fade S,5.0,0.0181
29 Apr 26,27546.75,27581.5,-355.0,S,Confirm add run,5.0,-0.1289
29 Apr 26,27569.5,27580.0,97.5,L,FvgL,5.0,0.0354
29 Apr 26,27569.5,27608.75,385.0,L,FvgL,5.0,0.1396
29 Apr 26,27534.0,27490.75,850.0,S,LvlS,10.0,0.1544
29 Apr 26,27460.5,27542.25,810.0,L,RFl,5.0,0.295
29 Apr 26,27479.0,27542.25,625.0,L,RfAL,5.0,0.2274
29 Apr 26,27517.75,27498.5,555.0,S,F13S,15.0,0.0672
29 Apr 26,27517.75,27481.75,1057.5,S,F13S,15.0,0.1281
29 Apr 26,27762.5,27805.25,840.0,L,LvlL,10.0,0.1513
29 Apr 26,27902.25,27820.25,812.5,S,Fade S,5.0,0.2912
29 Apr 26,27866.75,27820.25,457.5,S,Confirm add run,5.0,0.1642
29 Apr 26,27902.25,27687.25,2142.5,S,Fade S,5.0,0.7679
29 Apr 26,27866.75,27687.25,1787.5,S,Confirm add run,5.0,0.6414
30 Apr 26,27581.5,27641.25,-1210.0,S,LvlS,10.0,-0.2193
30 Apr 26,27652.5,27683.25,600.0,L,LvlL,10.0,0.1085
30 Apr 26,27661.0,27670.75,90.0,L,FvgL,5.0,0.0325
30 Apr 26,27661.0,27629.0,-327.5,L,FvgL,5.0,-0.1184
30 Apr 26,27676.0,27697.75,210.0,L,FvgL,5.0,0.0759
30 Apr 26,27676.0,27681.25,45.0,L,FvgL,5.0,0.0163
30 Apr 26,27689.25,27548.75,-1412.5,L,RTl,5.0,-0.5101
01 May 26,27891.25,27891.75,-5.0,L,LvlL,10.0,-0.0009
01 May 26,27875.5,27870.0,-125.0,L,FvgL,10.0,-0.0224
01 May 26,27880.25,27919.75,775.0,L,LvlL,10.0,0.139
01 May 26,27928.75,28035.25,-1072.5,S,RFs,5.0,-0.384
01 May 26,28126.0,28166.75,400.0,L,FvgL,5.0,0.1422
01 May 26,28126.0,28131.25,45.0,L,FvgL,5.0,0.016
01 May 26,28153.75,28172.75,182.5,L,FvgL,5.0,0.0648
01 May 26,28153.75,28092.25,-622.5,L,FvgL,5.0,-0.2211
01 May 26,28150.0,28140.0,277.5,S,F13S,15.0,0.0329
01 May 26,28150.0,28131.25,540.0,S,F13S,15.0,0.0639
03 May 26,28118.75,28178.5,-1210.0,S,LvlS,10.0,-0.2152
03 May 26,28165.75,28201.25,695.0,L,LvlL,10.0,0.1234
03 May 26,28188.5,28198.25,90.0,L,FvgL,5.0,0.0319
03 May 26,28188.5,28198.25,90.0,L,FvgL,5.0,0.0319
03 May 26,28215.5,28225.0,87.5,L,FvgL,5.0,0.031
03 May 26,28215.5,28225.0,87.5,L,FvgL,5.0,0.031
04 May 26,28198.25,28138.5,-1210.0,L,LvlL,10.0,-0.2146
04 May 26,28118.75,28013.75,-1057.5,L,RFl,5.0,-0.3761
04 May 26,28132.75,28013.75,-1197.5,L,RfAL,5.0,-0.4257
04 May 26,28059.5,28055.75,180.0,S,F13S,30.0,0.0107
04 May 26,28078.5,28065.0,127.5,S,FvgS,5.0,0.0454
04 May 26,28078.5,28073.25,45.0,S,FvgS,5.0,0.016
04 May 26,28094.25,28131.25,725.0,L,LvlL,10.0,0.129
04 May 26,28117.5,28128.75,105.0,L,FvgL,5.0,0.0373
05 May 26,28117.5,28122.75,45.0,L,FvgL,5.0,0.016
05 May 26,28176.75,28211.25,675.0,L,LvlL,10.0,0.1198
05 May 26,28367.75,28425.75,-587.5,S,RTs,5.0,-0.2071
05 May 26,28461.0,28421.5,1162.5,S,F13S,15.0,0.1362
05 May 26,28461.0,28411.75,485.0,S,F13S,5.0,0.1704
05 May 26,28461.0,28413.5,935.0,S,F13S,10.0,0.1643
06 May 26,28575.25,28625.75,995.0,L,Fade L,10.0,0.1741
06 May 26,28615.0,28625.75,200.0,L,Confirm add run,10.0,0.0349
06 May 26,28707.25,28889.0,1810.0,L,RFl,5.0,0.6305
06 May 26,28722.75,28889.0,1655.0,L,RfAL,5.0,0.5762
06 May 26,28965.0,28994.5,575.0,L,LvlL,10.0,0.0993
07 May 26,29004.0,29001.5,35.0,S,Fade S,10.0,0.006
07 May 26,28948.0,29001.5,-1085.0,S,Confirm add run,10.0,-0.1874
07 May 26,28996.5,29032.5,705.0,L,LvlL,10.0,0.1216
07 May 26,29040.25,29051.25,102.5,L,FvgL,5.0,0.0353
07 May 26,29040.25,29004.5,-365.0,L,FvgL,5.0,-0.1257
07 May 26,29122.0,29223.5,-1022.5,S,RTs,5.0,-0.3511
07 May 26,28937.5,28962.25,720.0,L,F13L,15.0,0.0829
07 May 26,28937.5,28983.5,452.5,L,F13L,5.0,0.1564
07 May 26,28937.5,28967.75,590.0,L,F13L,10.0,0.1019
07 May 26,28903.5,28938.5,342.5,L,PMF long lim,5.0,0.1185
07 May 26,28920.25,28897.25,222.5,S,FvgS,5.0,0.0769
07 May 26,28920.25,28994.75,-752.5,S,FvgS,5.0,-0.2602
08 May 26,29043.5,29083.75,-820.0,S,Fade S,10.0,-0.1412
08 May 26,29109.75,29147.75,745.0,L,LvlL,10.0,0.128
08 May 26,29132.5,29147.0,137.5,L,FvgL,5.0,0.0472
08 May 26,29132.5,29137.75,45.0,L,FvgL,5.0,0.0154
08 May 26,29210.0,29238.25,275.0,L,FvgL,5.0,0.0941
08 May 26,29210.0,29316.25,1055.0,L,FvgL,5.0,0.3612
08 May 26,29421.25,29432.0,100.0,L,FvgL,5.0,0.034
08 May 26,29421.25,29461.5,395.0,L,FvgL,5.0,0.1343
08 May 26,29598.0,29573.25,720.0,S,F13S,15.0,0.0811
08 May 26,29598.0,29552.0,452.5,S,F13S,5.0,0.1529
08 May 26,29598.0,29567.75,590.0,S,F13S,10.0,0.0997
10 May 26,29559.25,29605.0,900.0,L,LvlL,10.0,0.1522
10 May 26,29601.75,29624.0,215.0,L,FvgL,5.0,0.0726
10 May 26,29601.75,29685.25,827.5,L,FvgL,5.0,0.2795
10 May 26,29674.25,29614.5,-1210.0,L,LvlL,10.0,-0.2039
10 May 26,29598.0,29616.75,180.0,L,FvgL,5.0,0.0608
11 May 26,29598.0,29603.25,45.0,L,FvgL,5.0,0.0152
11 May 26,29598.0,29616.75,180.0,L,FvgL,5.0,0.0608
11 May 26,29598.0,29603.25,45.0,L,FvgL,5.0,0.0152
11 May 26,29609.75,29575.0,680.0,S,LvlS,10.0,0.1148
11 May 26,29599.0,29658.75,-1210.0,S,LvlS,10.0,-0.2044
11 May 26,29636.75,29604.0,-335.0,L,FvgL,5.0,-0.113
11 May 26,29636.75,29604.0,-335.0,L,FvgL,5.0,-0.113
11 May 26,29627.0,29751.75,-1255.0,S,RFs,5.0,-0.4236
11 May 26,29608.75,29751.75,-1437.5,S,RfAS,5.0,-0.4855
11 May 26,29668.5,29689.0,592.5,L,F13L,15.0,0.0666
11 May 26,29668.5,29706.5,1117.5,L,F13L,15.0,0.1256
11 May 26,29704.75,29665.5,-400.0,L,FvgL,5.0,-0.1347
11 May 26,29704.75,29665.5,-400.0,L,FvgL,5.0,-0.1347
11 May 26,29652.5,29577.0,-762.5,L,Fade L,5.0,-0.2571
11 May 26,29652.5,29577.0,-762.5,L,Fade L,5.0,-0.2571
11 May 26,29653.25,29638.25,142.5,S,FvgS,5.0,0.0481
12 May 26,29653.25,29596.75,557.5,S,FvgS,5.0,0.188
12 May 26,29575.25,29540.0,690.0,S,LvlS,10.0,0.1167
12 May 26,29546.5,29509.25,730.0,S,LvlS,10.0,0.1235
12 May 26,29514.75,29483.25,307.5,S,FvgS,5.0,0.1042
12 May 26,29514.75,29483.25,307.5,S,FvgS,5.0,0.1042
12 May 26,29514.75,29483.25,307.5,S,FvgS,5.0,0.1042
12 May 26,29493.0,29443.75,970.0,S,LvlS,10.0,0.1644
12 May 26,29504.5,29494.0,97.5,S,FvgS,5.0,0.033
12 May 26,29504.5,29465.25,385.0,S,FvgS,5.0,0.1305
12 May 26,29476.25,29429.25,462.5,S,FvgS,5.0,0.1569
12 May 26,29476.25,29298.25,1772.5,S,FvgS,5.0,0.6013
12 May 26,29341.5,29451.75,-1110.0,S,PMF short lim,5.0,-0.3783
12 May 26,29428.5,29451.75,-240.0,S,PMF split,5.0,-0.0816
12 May 26,29417.75,29445.0,265.0,L,FvgL,5.0,0.0901
12 May 26,29417.75,29520.75,1022.5,L,FvgL,5.0,0.3476
12 May 26,29525.0,29525.5,-12.5,S,Fade S,5.0,-0.0042
12 May 26,29525.0,29525.5,-12.5,S,Fade S,5.0,-0.0042
13 May 26,29573.5,29605.0,615.0,L,LvlL,10.0,0.104
13 May 26,29652.75,29682.0,570.0,L,LvlL,10.0,0.0961
13 May 26,29422.25,29685.0,2620.0,L,RFl,5.0,0.8905
13 May 26,29443.0,29685.0,2412.5,L,RfAL,5.0,0.8194
13 May 26,29793.5,29775.0,532.5,S,F13S,15.0,0.0596
13 May 26,29793.5,29759.0,1012.5,S,F13S,15.0,0.1133
13 May 26,29942.5,29974.5,625.0,L,SydL,10.0,0.1044
13 May 26,29958.25,29876.25,812.5,S,Fade S,5.0,0.2712
13 May 26,29912.25,29876.25,352.5,S,Confirm add run,5.0,0.1178
14 May 26,29958.25,29842.5,1150.0,S,Fade S,5.0,0.3839
14 May 26,29912.25,29842.5,690.0,S,Confirm add run,5.0,0.2307
14 May 26,29924.75,29819.75,1042.5,S,RTs,5.0,0.3484
14 May 26,30021.5,30042.25,200.0,L,FvgL,5.0,0.0666
14 May 26,30021.5,30026.75,45.0,L,FvgL,5.0,0.015
14 May 26,30021.5,30042.25,200.0,L,FvgL,5.0,0.0666
14 May 26,30021.5,29954.5,-677.5,L,FvgL,5.0,-0.2257
14 May 26,29959.5,29958.5,-17.5,L,FvgL,5.0,-0.0058
14 May 26,29959.5,29958.5,-17.5,L,FvgL,5.0,-0.0058
14 May 26,29967.75,29936.0,620.0,S,SydS,10.0,0.1034
14 May 26,29964.25,29936.0,275.0,S,Syd add,5.0,0.0918
14 May 26,29930.0,29854.5,-762.5,L,Fade L,5.0,-0.2548
14 May 26,29930.0,29854.5,-762.5,L,Fade L,5.0,-0.2548
14 May 26,29884.5,29851.25,650.0,S,LvlS,10.0,0.1088
15 May 26,29695.5,29665.0,595.0,S,LvlS,10.0,0.1002
15 May 26,29565.75,29535.75,585.0,S,LvlS,10.0,0.0989
15 May 26,29518.25,29638.0,-1205.0,S,RFs,5.0,-0.4082
15 May 26,29511.75,29638.0,-1270.0,S,RfAS,5.0,-0.4303
15 May 26,29599.5,29594.25,45.0,S,FvgS,5.0,0.0152
15 May 26,29599.5,29594.25,45.0,S,FvgS,5.0,0.0152
15 May 26,29599.5,29749.5,-1507.5,S,FvgS,5.0,-0.5093
15 May 26,29599.5,29749.5,-1507.5,S,FvgS,5.0,-0.5093
15 May 26,29708.0,29641.25,1980.0,S,F13S,15.0,0.2222
15 May 26,29708.0,29624.0,2497.5,S,F13S,15.0,0.2802
15 May 26,29583.0,29618.0,342.5,L,PMF long lim,5.0,0.1158
17 May 26,29356.0,29299.5,557.5,S,FvgS,5.0,0.1899
17 May 26,29356.0,29350.75,45.0,S,FvgS,5.0,0.0153
18 May 26,29356.5,29320.0,357.5,S,FvgS,5.0,0.1218
18 May 26,29356.5,29351.25,45.0,S,FvgS,5.0,0.0153
18 May 26,29481.5,29494.75,125.0,L,FvgL,5.0,0.0424
18 May 26,29481.5,29531.5,492.5,L,FvgL,5.0,0.1671
18 May 26,29481.5,29494.75,125.0,L,FvgL,5.0,0.0424
18 May 26,29481.5,29438.5,-437.5,L,FvgL,5.0,-0.1484
18 May 26,29453.0,29519.0,-667.5,S,FvgS,5.0,-0.2266
18 May 26,29453.0,29519.0,-667.5,S,FvgS,5.0,-0.2266
18 May 26,29678.25,29357.25,3202.5,S,RFs,5.0,1.0791
18 May 26,29249.5,29157.0,-2797.5,L,F13L,15.0,-0.3188
18 May 26,29249.5,29157.0,-2797.5,L,F13L,15.0,-0.3188
18 May 26,29215.25,29250.25,342.5,L,PMF long lim,5.0,0.1172
18 May 26,29393.75,29416.25,217.5,L,FvgL,5.0,0.074
18 May 26,29393.75,29399.0,45.0,L,FvgL,5.0,0.0153
18 May 26,29471.5,29389.5,812.5,S,Fade S,5.0,0.2757
18 May 26,29427.0,29389.5,367.5,S,Confirm add run,5.0,0.1249
18 May 26,29471.5,29256.5,2142.5,S,Fade S,5.0,0.727
18 May 26,29427.0,29256.5,1697.5,S,Confirm add run,5.0,0.5769
18 May 26,29320.5,29289.25,305.0,S,FvgS,5.0,0.104
19 May 26,29320.5,29202.25,1175.0,S,FvgS,5.0,0.4007
19 May 26,29269.0,29256.0,122.5,S,FvgS,5.0,0.0419
19 May 26,29269.0,29263.75,45.0,S,FvgS,5.0,0.0154
19 May 26,29309.75,29204.75,1042.5,S,RTs,5.0,0.3557
19 May 26,29055.0,29050.75,35.0,S,FvgS,5.0,0.012
19 May 26,29055.0,29050.75,35.0,S,FvgS,5.0,0.012
19 May 26,29055.0,29034.0,202.5,S,FvgS,5.0,0.0697
19 May 26,29055.0,29105.5,-512.5,S,FvgS,5.0,-0.1764
19 May 26,29338.25,29361.5,225.0,L,FvgL,5.0,0.0767
19 May 26,29338.25,29383.75,447.5,L,FvgL,5.0,0.1525
19 May 26,29383.75,29374.25,437.5,S,F13S,25.0,0.0298
19 May 26,29196.0,29130.5,1295.0,S,SydS,10.0,0.2218
19 May 26,29208.25,29203.0,45.0,S,FvgS,5.0,0.0154
19 May 26,29208.25,29203.0,45.0,S,FvgS,5.0,0.0154
19 May 26,29231.25,29203.5,270.0,S,FvgS,5.0,0.0924
20 May 26,29231.25,29226.0,45.0,S,FvgS,5.0,0.0154
20 May 26,29229.25,29183.0,455.0,S,FvgS,5.0,0.1557
20 May 26,29229.25,29224.0,45.0,S,FvgS,5.0,0.0154
20 May 26,29301.5,29328.0,515.0,L,LvlL,10.0,0.0879
20 May 26,29346.5,29377.5,605.0,L,LvlL,10.0,0.1031
20 May 26,29420.25,29360.5,-1210.0,L,LvlL,10.0,-0.2056
20 May 26,29392.25,29683.5,2905.0,L,RFl,5.0,0.9884
20 May 26,29394.75,29683.5,2880.0,L,RfAL,5.0,0.9798
20 May 26,29611.75,29580.25,922.5,S,F13S,15.0,0.1038
20 May 26,29611.75,29553.0,1740.0,S,F13S,15.0,0.1959
20 May 26,29635.0,29634.5,-2.5,S,PMF short lim,5.0,-0.0008
20 May 26,29522.0,29597.5,-762.5,S,Fade S,5.0,-0.2583
20 May 26,29522.0,29597.5,-762.5,S,Fade S,5.0,-0.2583
21 May 26,29720.0,29734.25,135.0,L,PMF long lim,5.0,0.0454
21 May 26,29772.25,29806.75,337.5,L,FvgL,5.0,0.1134
22 May 26,29772.25,29902.5,1295.0,L,FvgL,5.0,0.435
22 May 26,29912.5,29880.5,-327.5,L,FvgL,5.0,-0.1095
22 May 26,29912.5,29880.5,-327.5,L,FvgL,5.0,-0.1095
22 May 26,29806.0,29788.5,167.5,S,FvgS,5.0,0.0562
22 May 26,29806.0,29862.75,-575.0,S,FvgS,5.0,-0.1929
22 May 26,29822.75,29883.75,1205.0,L,LvlL,10.0,0.202
22 May 26,29887.5,29998.5,-1117.5,S,RFs,5.0,-0.3739
22 May 26,29960.0,29974.0,397.5,L,F13L,15.0,0.0442
22 May 26,29960.0,29986.0,757.5,L,F13L,15.0,0.0843
24 May 26,30127.75,30158.25,297.5,L,FvgL,5.0,0.0987
24 May 26,30059.0,30188.25,2570.0,L,LvlL,10.0,0.4275
25 May 26,30253.25,30193.5,-1210.0,L,LvlL,10.0,-0.2
25 May 26,30235.5,30255.25,190.0,L,FvgL,5.0,0.0628
25 May 26,30235.5,30240.75,45.0,L,FvgL,5.0,0.0149
25 May 26,30236.25,30228.0,-90.0,L,RFl,5.0,-0.0298
25 May 26,30147.0,30106.5,397.5,S,FvgS,5.0,0.1319
26 May 26,30147.0,30141.75,45.0,S,FvgS,5.0,0.0149
26 May 26,30144.25,30249.25,1042.5,L,RTl,5.0,0.3458
26 May 26,30320.0,30335.75,150.0,L,FvgL,5.0,0.0495
26 May 26,30320.0,30268.75,-520.0,L,FvgL,5.0,-0.1715
26 May 26,30266.75,30302.5,350.0,L,FvgL,5.0,0.1156
26 May 26,30266.75,30402.25,1347.5,L,FvgL,5.0,0.4452
26 May 26,30398.5,30434.5,705.0,L,SydL,10.0,0.116
26 May 26,30406.5,30434.5,272.5,L,Syd add,5.0,0.0896
27 May 26,30430.75,30384.5,910.0,S,Fade S,10.0,0.1495
27 May 26,30390.75,30384.5,110.0,S,Confirm add run,10.0,0.0181
27 May 26,30398.0,30361.0,725.0,S,LvlS,10.0,0.1193
27 May 26,30539.5,30582.25,420.0,L,FvgL,5.0,0.1375
27 May 26,30539.5,30584.0,437.5,L,FvgL,5.0,0.1433
27 May 26,30578.5,30530.0,-492.5,L,FvgL,5.0,-0.1611
27 May 26,30578.5,30530.0,-492.5,L,FvgL,5.0,-0.1611
27 May 26,30261.5,30251.25,95.0,S,FvgS,5.0,0.0314
27 May 26,30261.5,30223.5,372.5,S,FvgS,5.0,0.1231
27 May 26,30261.5,30251.25,95.0,S,FvgS,5.0,0.0314
27 May 26,30261.5,30223.5,372.5,S,FvgS,5.0,0.1231
27 May 26,30261.5,30294.25,-335.0,S,FvgS,5.0,-0.1107
27 May 26,30261.5,30294.25,-335.0,S,FvgS,5.0,-0.1107
27 May 26,30342.5,30335.25,390.0,S,F13S,30.0,0.0214
27 May 26,30372.5,30314.75,-585.0,L,FvgL,5.0,-0.1926
27 May 26,30372.5,30314.75,-585.0,L,FvgL,5.0,-0.1926
27 May 26,30333.5,30251.5,812.5,S,Fade S,5.0,0.2679
27 May 26,30360.5,30251.5,1082.5,S,Confirm add,5.0,0.3565
27 May 26,30295.25,30251.5,430.0,S,Confirm add run,5.0,0.1419
27 May 26,30333.5,30118.5,2142.5,S,Fade S,5.0,0.7063
27 May 26,30360.5,30118.5,2412.5,S,Confirm add,5.0,0.7946
27 May 26,30295.25,30118.5,1760.0,S,Confirm add run,5.0,0.5809
28 May 26,30089.25,30149.0,-1210.0,S,LvlS,10.0,-0.2011
28 May 26,30202.25,30262.0,-1210.0,S,LvlS,10.0,-0.2003
28 May 26,30247.5,30280.25,640.0,L,LvlL,10.0,0.1058
28 May 26,30230.0,30185.0,885.0,S,LvlS,10.0,0.1464
28 May 26,30402.75,30297.75,1042.5,S,RTs,5.0,0.3429
28 May 26,30605.25,30615.25,277.5,L,F13L,15.0,0.0302
28 May 26,30605.25,30621.75,472.5,L,F13L,15.0,0.0515
28 May 26,30598.25,30602.75,37.5,L,PMF long lim,5.0,0.0123
28 May 26,30585.25,30568.0,330.0,S,SydS,10.0,0.0539
29 May 26,30551.75,30606.0,1070.0,L,Fade L,10.0,0.1751
29 May 26,30526.25,30606.0,1580.0,L,Confirm add,10.0,0.2588
29 May 26,30587.25,30606.0,360.0,L,Confirm add run,10.0,0.0588
29 May 26,30622.0,30643.5,207.5,L,FvgL,5.0,0.0678
29 May 26,30622.0,30627.25,45.0,L,FvgL,5.0,0.0147
29 May 26,30750.0,30749.25,-15.0,L,FvgL,5.0,-0.0049
29 May 26,30750.0,30749.25,-15.0,L,FvgL,5.0,-0.0049
29 May 26,30697.25,30712.5,145.0,L,FvgL,5.0,0.0472
29 May 26,30697.25,30702.5,45.0,L,FvgL,5.0,0.0147
29 May 26,30697.25,30647.75,-502.5,L,FvgL,5.0,-0.1637
29 May 26,30697.25,30647.75,-502.5,L,FvgL,5.0,-0.1637
31 May 26,30779.75,30799.0,370.0,L,SydL,10.0,0.0601
01 Jun 26,30817.0,30757.25,-1210.0,L,LvlL,10.0,-0.1963
01 Jun 26,30779.5,30778.75,0.0,S,LvlS,10.0,0.0
01 Jun 26,30778.5,30766.75,110.0,S,FvgS,5.0,0.0357
01 Jun 26,30778.5,30734.0,437.5,S,FvgS,5.0,0.1421
01 Jun 26,30747.5,30733.0,137.5,S,FvgS,5.0,0.0447
01 Jun 26,30734.75,30699.25,695.0,S,LvlS,10.0,0.1131
01 Jun 26,30658.5,30761.75,1025.0,L,RFl,5.0,0.3343
01 Jun 26,30938.5,30865.25,2175.0,S,F13S,15.0,0.2343
01 Jun 26,30938.5,30853.0,2542.5,S,F13S,15.0,0.2739
01 Jun 26,30742.25,30707.0,690.0,S,LvlS,10.0,0.1122
02 Jun 26,30675.5,30757.5,812.5,L,Fade L,5.0,0.2649
02 Jun 26,30710.75,30757.5,460.0,L,Confirm add run,5.0,0.1498
02 Jun 26,30649.5,30757.5,1072.5,L,Confirm add,5.0,0.3499
02 Jun 26,30675.5,30754.5,782.5,L,Fade L,5.0,0.2551
02 Jun 26,30649.5,30754.5,1042.5,L,Confirm add,5.0,0.3401
02 Jun 26,30710.75,30754.5,430.0,L,Confirm add run,5.0,0.14
02 Jun 26,30831.0,30842.75,110.0,L,FvgL,5.0,0.0357
02 Jun 26,30831.0,30874.5,427.5,L,FvgL,5.0,0.1387
02 Jun 26,30813.25,30778.0,690.0,S,LvlS,10.0,0.112
02 Jun 26,30784.75,30889.75,1042.5,L,RTl,5.0,0.3386
02 Jun 26,30796.75,30889.75,922.5,L,RTaL,5.0,0.2995
02 Jun 26,30958.0,30977.5,562.5,L,F13L,15.0,0.0606
02 Jun 26,30958.0,30986.5,832.5,L,F13L,15.0,0.0896
02 Jun 26,31020.25,31035.5,145.0,L,FvgL,5.0,0.0467
02 Jun 26,31020.25,30970.75,-502.5,L,FvgL,5.0,-0.162
03 Jun 26,30954.5,31006.0,1015.0,L,Fade L,10.0,0.164
03 Jun 26,30997.25,31006.0,160.0,L,Confirm add run,10.0,0.0258
03 Jun 26,31021.75,31036.5,140.0,L,FvgL,5.0,0.0451
03 Jun 26,31021.75,31077.25,547.5,L,FvgL,5.0,0.1765
03 Jun 26,31021.75,31036.5,140.0,L,FvgL,5.0,0.0451
03 Jun 26,31060.25,31000.5,-1210.0,L,LvlL,10.0,-0.1948
03 Jun 26,31071.75,30804.25,2667.5,S,RFs,5.0,0.8585
03 Jun 26,30939.0,30891.5,467.5,S,FvgS,5.0,0.1511
03 Jun 26,30939.0,30821.25,1170.0,S,FvgS,5.0,0.3782
03 Jun 26,30821.25,30850.0,840.0,L,F13L,15.0,0.0908
03 Jun 26,30821.25,30874.75,527.5,L,F13L,5.0,0.1711
03 Jun 26,30821.25,30883.75,1235.0,L,F13L,10.0,0.2003
03 Jun 26,30777.75,30695.75,812.5,S,Fade S,5.0,0.264
03 Jun 26,30735.0,30695.75,385.0,S,Confirm add run,5.0,0.1253
03 Jun 26,30777.75,30757.25,197.5,S,Fade S,5.0,0.0642
04 Jun 26,30735.0,30758.75,-245.0,S,Confirm add run,5.0,-0.0797
04 Jun 26,30757.75,30794.75,725.0,L,LvlL,10.0,0.1179
04 Jun 26,30568.25,30538.25,585.0,S,LvlS,10.0,0.0957
04 Jun 26,30561.75,30527.75,665.0,S,LvlS,10.0,0.1088
04 Jun 26,30537.5,30597.25,-1210.0,S,LvlS,10.0,-0.1981
04 Jun 26,30469.0,30574.0,1042.5,L,RTl,5.0,0.3422
04 Jun 26,30889.0,30854.0,342.5,S,PMF short lim,5.0,0.1109
04 Jun 26,30530.0,30466.75,1250.0,S,SydS,10.0,0.2047
04 Jun 26,30466.75,30391.25,-762.5,L,Fade L,5.0,-0.2503
04 Jun 26,30466.75,30391.25,-762.5,L,Fade L,5.0,-0.2503
04 Jun 26,30540.75,30509.75,302.5,S,FvgS,5.0,0.099
05 Jun 26,30540.75,30535.5,45.0,S,FvgS,5.0,0.0147
05 Jun 26,30279.75,30166.75,-1137.5,L,RFl,5.0,-0.3757
05 Jun 26,29653.0,29569.75,-2520.0,L,F13L,15.0,-0.2833
05 Jun 26,29653.0,29569.75,-2520.0,L,F13L,15.0,-0.2833
05 Jun 26,29446.75,29460.75,132.5,L,PMF long lim,5.0,0.045
05 Jun 26,29359.75,29460.75,1002.5,L,PMF split,5.0,0.3415
05 Jun 26,29389.25,29460.75,1415.0,L,PMF add,10.0,0.2407
07 Jun 26,29397.5,29512.75,2290.0,L,SydL,10.0,0.3895
07 Jun 26,29405.25,29426.5,-440.0,S,LvlS,10.0,-0.0748
07 Jun 26,29467.5,29428.5,382.5,S,FvgS,5.0,0.1298
07 Jun 26,29467.5,29462.25,45.0,S,FvgS,5.0,0.0153
07 Jun 26,29467.5,29428.5,382.5,S,FvgS,5.0,0.1298
07 Jun 26,29467.5,29462.25,45.0,S,FvgS,5.0,0.0153
07 Jun 26,29467.75,29428.75,382.5,S,FvgS,5.0,0.1298
07 Jun 26,29467.75,29462.5,45.0,S,FvgS,5.0,0.0153
08 Jun 26,29466.5,29427.5,765.0,S,LvlS,10.0,0.1298
08 Jun 26,29435.0,29424.75,95.0,S,FvgS,5.0,0.0323
08 Jun 26,29435.0,29397.0,372.5,S,FvgS,5.0,0.1266
08 Jun 26,29349.5,29409.25,-1210.0,S,LvlS,10.0,-0.2061
08 Jun 26,29689.5,29715.75,255.0,L,FvgL,5.0,0.0859
08 Jun 26,29689.5,29788.25,980.0,L,FvgL,5.0,0.3301
08 Jun 26,29829.25,29985.0,-1565.0,S,RFs,5.0,-0.5247
08 Jun 26,29816.0,29985.0,-1697.5,S,RfAS,5.0,-0.5693
08 Jun 26,29950.25,29967.25,162.5,L,FvgL,5.0,0.0543
08 Jun 26,29950.25,29895.25,-557.5,L,FvgL,5.0,-0.1861
08 Jun 26,29729.5,29764.5,342.5,L,PMF long lim,5.0,0.1152
08 Jun 26,29759.25,29726.75,317.5,S,FvgS,5.0,0.1067
08 Jun 26,29759.25,29636.75,1217.5,S,FvgS,5.0,0.4091
08 Jun 26,29596.0,29678.0,812.5,L,Fade L,5.0,0.2745
08 Jun 26,29644.5,29678.0,327.5,L,Confirm add run,5.0,0.1105
08 Jun 26,29596.0,29811.0,2142.5,L,Fade L,5.0,0.7239
08 Jun 26,29644.5,29811.0,1657.5,L,Confirm add run,5.0,0.5591
09 Jun 26,29934.25,29974.5,790.0,L,LvlL,10.0,0.132
09 Jun 26,29965.0,29983.75,180.0,L,FvgL,5.0,0.0601
09 Jun 26,29955.0,30010.5,1095.0,L,LvlL,10.0,0.1828
09 Jun 26,29965.0,29983.75,180.0,L,FvgL,5.0,0.0601
09 Jun 26,29965.0,29970.25,45.0,L,FvgL,5.0,0.015
09 Jun 26,30085.5,29980.5,1042.5,S,RTs,5.0,0.3465
09 Jun 26,28968.5,29014.25,-465.0,S,FvgS,5.0,-0.1605
09 Jun 26,28968.5,29014.25,-465.0,S,FvgS,5.0,-0.1605
09 Jun 26,29209.5,29210.0,-37.5,S,F13S,15.0,-0.0043
09 Jun 26,29209.5,29210.0,-37.5,S,F13S,15.0,-0.0043
09 Jun 26,29247.0,29255.75,-95.0,S,PMF short lim,5.0,-0.0325
09 Jun 26,29410.0,29376.5,327.5,S,FvgS,5.0,0.1114
09 Jun 26,29410.0,29283.0,1262.5,S,FvgS,5.0,0.4293
09 Jun 26,29393.75,29410.0,310.0,L,SydL,10.0,0.0527
10 Jun 26,29277.5,29202.0,-762.5,L,Fade L,5.0,-0.2604
10 Jun 26,29277.5,29202.0,-762.5,L,Fade L,5.0,-0.2604
10 Jun 26,29319.75,29202.0,-1185.0,L,Confirm add run,5.0,-0.4042
10 Jun 26,29319.75,29202.0,-1185.0,L,Confirm add run,5.0,-0.4042
10 Jun 26,29222.0,29211.0,102.5,S,FvgS,5.0,0.0351
10 Jun 26,29222.0,29180.75,405.0,S,FvgS,5.0,0.1386
10 Jun 26,29222.0,29211.0,102.5,S,FvgS,5.0,0.0351
10 Jun 26,29222.0,29180.75,405.0,S,FvgS,5.0,0.1386
10 Jun 26,29124.5,29137.25,-135.0,S,FvgS,5.0,-0.0464
10 Jun 26,29124.5,29137.25,-135.0,S,FvgS,5.0,-0.0464
10 Jun 26,29141.75,29103.75,372.5,S,FvgS,5.0,0.1278
10 Jun 26,29141.75,29081.0,600.0,S,FvgS,5.0,0.2059
10 Jun 26,29141.75,29125.5,155.0,S,FvgS,5.0,0.0532
10 Jun 26,29141.75,29081.0,600.0,S,FvgS,5.0,0.2059
10 Jun 26,29141.75,29143.0,-20.0,S,FvgS,5.0,-0.0069
10 Jun 26,29141.75,29143.0,-20.0,S,FvgS,5.0,-0.0069
10 Jun 26,29141.75,29136.5,45.0,S,FvgS,5.0,0.0154
10 Jun 26,29141.75,29136.5,45.0,S,FvgS,5.0,0.0154
10 Jun 26,28839.0,28874.0,342.5,L,PMF long lim,5.0,0.1188
10 Jun 26,28900.0,28901.25,15.0,L,F13L,15.0,0.0017
10 Jun 26,28900.0,28901.25,15.0,L,F13L,15.0,0.0017
10 Jun 26,28741.0,28840.0,1965.0,L,SydL,10.0,0.3418
10 Jun 26,28796.25,28816.0,-205.0,S,Fade S,5.0,-0.0712
10 Jun 26,28796.25,28816.0,-205.0,S,Fade S,5.0,-0.0712
10 Jun 26,28895.0,28861.5,327.5,S,FvgS,5.0,0.1133
10 Jun 26,28895.0,28889.75,45.0,S,FvgS,5.0,0.0156
11 Jun 26,28997.25,29020.25,222.5,L,FvgL,5.0,0.0767
11 Jun 26,28997.25,29084.0,860.0,L,FvgL,5.0,0.2966
11 Jun 26,29265.0,29160.0,1042.5,S,RTs,5.0,0.3562
11 Jun 26,29260.25,29160.0,995.0,S,RTaS,5.0,0.3401
11 Jun 26,29174.5,29178.5,32.5,L,FvgL,5.0,0.0111
11 Jun 26,29174.5,29178.5,32.5,L,FvgL,5.0,0.0111
11 Jun 26,29718.25,29713.0,45.0,S,PMF short lim,5.0,0.0151
11 Jun 26,29805.25,29713.0,915.0,S,PMF split,5.0,0.307
11 Jun 26,29886.75,29940.0,1050.0,L,SydL,10.0,0.1757
11 Jun 26,29936.25,29854.25,812.5,S,Fade S,5.0,0.2714
11 Jun 26,29883.75,29854.25,287.5,S,Confirm add run,5.0,0.0962
11 Jun 26,29883.75,29863.25,197.5,S,Confirm add run,5.0,0.0661
12 Jun 26,29936.25,29828.0,1075.0,S,Fade S,5.0,0.3591
12 Jun 26,29890.25,29904.75,137.5,L,FvgL,5.0,0.046
12 Jun 26,29890.25,29944.5,535.0,L,FvgL,5.0,0.179
12 Jun 26,29890.25,29904.75,137.5,L,FvgL,5.0,0.046
12 Jun 26,29890.25,29843.5,-475.0,L,FvgL,5.0,-0.1589
12 Jun 26,29867.0,29872.25,45.0,L,FvgL,5.0,0.0151
12 Jun 26,29867.0,29872.25,45.0,L,FvgL,5.0,0.0151
12 Jun 26,29940.0,29977.75,1110.0,L,F13L,15.0,0.1236
12 Jun 26,29940.0,29941.25,5.0,L,F13L,5.0,0.0017
12 Jun 26,29940.0,29950.0,185.0,L,F13L,10.0,0.0309
14 Jun 26,30351.0,30291.25,-1210.0,L,LvlL,10.0,-0.1993
15 Jun 26,30592.25,30602.5,95.0,L,FvgL,5.0,0.0311
15 Jun 26,30592.25,30559.5,-335.0,L,FvgL,5.0,-0.1095
15 Jun 26,30577.0,30594.0,162.5,L,FvgL,5.0,0.0531
15 Jun 26,30577.0,30582.25,45.0,L,FvgL,5.0,0.0147
15 Jun 26,30577.0,30594.0,162.5,L,FvgL,5.0,0.0531
15 Jun 26,30577.0,30641.0,632.5,L,FvgL,5.0,0.2069
15 Jun 26,30894.5,30883.25,630.0,S,F13S,30.0,0.034
15 Jun 26,30813.0,30767.0,905.0,S,LvlS,10.0,0.1469
15 Jun 26,30770.75,30852.75,812.5,L,Fade L,5.0,0.264
15 Jun 26,30818.0,30852.75,340.0,L,Confirm add run,5.0,0.1103
16 Jun 26,30770.75,30835.0,635.0,L,Fade L,5.0,0.2064
16 Jun 26,30818.0,30835.0,162.5,L,Confirm add run,5.0,0.0527
16 Jun 26,30815.5,30875.25,-1210.0,S,LvlS,10.0,-0.1963
16 Jun 26,30775.25,30880.25,1042.5,L,RTl,5.0,0.3387
16 Jun 26,30446.75,30464.75,517.5,L,F13L,15.0,0.0567
16 Jun 26,30446.75,30480.0,975.0,L,F13L,15.0,0.1067
16 Jun 26,30443.75,30382.0,-625.0,L,PMF long lim,5.0,-0.2053
17 Jun 26,30401.5,30477.0,-762.5,S,Fade S,5.0,-0.2508
17 Jun 26,30401.5,30477.0,-762.5,S,Fade S,5.0,-0.2508
17 Jun 26,30428.25,30477.0,-495.0,S,Confirm add,5.0,-0.1627
17 Jun 26,30428.25,30477.0,-495.0,S,Confirm add,5.0,-0.1627
17 Jun 26,30442.25,30410.75,307.5,S,FvgS,5.0,0.101
17 Jun 26,30442.25,30437.0,45.0,S,FvgS,5.0,0.0148
17 Jun 26,30422.25,30388.0,1005.0,S,F13S,15.0,0.1101
17 Jun 26,30422.25,30358.0,1905.0,S,F13S,15.0,0.2087
17 Jun 26,30127.5,30106.75,-215.0,L,PMF long lim,5.0,-0.0714
17 Jun 26,30342.0,30390.0,945.0,L,SydL,10.0,0.1557
18 Jun 26,30391.25,30331.5,-1210.0,L,LvlL,10.0,-0.1991
18 Jun 26,30414.5,30451.0,715.0,L,LvlL,10.0,0.1175
18 Jun 26,30433.5,30447.25,130.0,L,FvgL,5.0,0.0427
18 Jun 26,30433.5,30388.5,-457.5,L,FvgL,5.0,-0.1503
18 Jun 26,30573.0,30421.75,1505.0,S,RTs,5.0,0.4923
18 Jun 26,30687.25,30722.25,342.5,L,PMF long lim,5.0,0.1116
18 Jun 26,30657.0,30624.75,630.0,S,LvlS,10.0,0.1027
18 Jun 26,30632.5,30604.75,540.0,S,LvlS,10.0,0.0881
19 Jun 26,30638.5,30578.75,-1210.0,L,LvlL,10.0,-0.1975
19 Jun 26,30591.25,30595.5,-50.0,S,FvgS,5.0,-0.0163
19 Jun 26,30591.25,30595.5,-50.0,S,FvgS,5.0,-0.0163
21 Jun 26,30494.0,30527.75,-345.0,S,FvgS,5.0,-0.1131
21 Jun 26,30494.0,30527.75,-345.0,S,FvgS,5.0,-0.1131
21 Jun 26,30598.75,30609.0,95.0,L,FvgL,5.0,0.031
21 Jun 26,30598.75,30566.0,-335.0,L,FvgL,5.0,-0.1095
22 Jun 26,30586.75,30572.25,137.5,S,FvgS,5.0,0.045
22 Jun 26,30586.75,30633.5,-475.0,S,FvgS,5.0,-0.1553
22 Jun 26,30720.25,30752.25,625.0,L,LvlL,10.0,0.1017
22 Jun 26,30738.25,30771.25,645.0,L,LvlL,10.0,0.1049
22 Jun 26,30751.0,30785.75,680.0,L,LvlL,10.0,0.1106
22 Jun 26,30800.75,30833.0,315.0,L,FvgL,5.0,0.1023
22 Jun 26,30800.75,30806.0,45.0,L,FvgL,5.0,0.0146
22 Jun 26,30773.75,30590.25,-1842.5,L,RFl,5.0,-0.5987
22 Jun 26,30806.75,30590.25,-2172.5,L,RfAL,5.0,-0.7052
22 Jun 26,30612.75,30584.25,832.5,S,F13S,15.0,0.0906
22 Jun 26,30612.75,30559.5,525.0,S,F13S,5.0,0.1715
22 Jun 26,30612.75,30571.5,810.0,S,F13S,10.0,0.1323
22 Jun 26,30587.0,30548.0,765.0,S,LvlS,10.0,0.1251
22 Jun 26,30571.0,30538.75,630.0,S,LvlS,10.0,0.103
22 Jun 26,30484.75,30566.75,812.5,L,Fade L,5.0,0.2665
22 Jun 26,30524.0,30566.75,420.0,L,Confirm add run,5.0,0.1376
22 Jun 26,30524.0,30544.5,197.5,L,Confirm add run,5.0,0.0647
22 Jun 26,30484.75,30505.25,197.5,L,Fade L,5.0,0.0648
22 Jun 26,30429.75,30390.75,765.0,S,LvlS,10.0,0.1257
23 Jun 26,29928.5,29908.0,197.5,S,FvgS,5.0,0.066
23 Jun 26,29928.5,29851.5,762.5,S,FvgS,5.0,0.2548
23 Jun 26,29980.25,30022.75,-432.5,S,RTs,5.0,-0.1443
23 Jun 26,29709.75,29714.25,37.5,L,PMF long lim,5.0,0.0126
23 Jun 26,29744.5,29865.0,-1212.5,S,FvgS,5.0,-0.4076
23 Jun 26,29744.5,29865.0,-1212.5,S,FvgS,5.0,-0.4076
23 Jun 26,29755.75,29740.25,147.5,S,FvgS,5.0,0.0496
24 Jun 26,29755.75,29750.5,45.0,S,FvgS,5.0,0.0151
24 Jun 26,29792.0,29839.0,925.0,L,LvlL,10.0,0.1552
24 Jun 26,29838.75,29779.0,-1210.0,L,LvlL,10.0,-0.2028
24 Jun 26,29794.5,29781.0,127.5,S,FvgS,5.0,0.0428
24 Jun 26,29794.5,29838.25,-445.0,S,FvgS,5.0,-0.1494
24 Jun 26,29809.75,29750.0,-1210.0,L,LvlL,10.0,-0.203
24 Jun 26,29788.0,29755.5,317.5,S,FvgS,5.0,0.1066
24 Jun 26,29788.0,29722.75,645.0,S,FvgS,5.0,0.2165
24 Jun 26,29744.75,29754.75,-107.5,S,FvgS,5.0,-0.0361
24 Jun 26,29744.75,29754.75,-107.5,S,FvgS,5.0,-0.0361
24 Jun 26,29744.75,29727.25,167.5,S,FvgS,5.0,0.0563
24 Jun 26,29744.75,29801.5,-575.0,S,FvgS,5.0,-0.1933
24 Jun 26,29383.5,29434.5,502.5,L,PMF long lim,5.0,0.171
24 Jun 26,30057.0,30107.75,500.0,L,FvgL,5.0,0.1664
24 Jun 26,30057.0,30062.25,45.0,L,FvgL,5.0,0.015
24 Jun 26,30057.0,30062.25,45.0,L,FvgL,5.0,0.015
24 Jun 26,30057.0,30062.25,45.0,L,FvgL,5.0,0.015
25 Jun 26,29991.0,30073.0,812.5,L,Fade L,5.0,0.2709
25 Jun 26,29963.25,30073.0,1090.0,L,Confirm add,5.0,0.3638
25 Jun 26,30028.5,30073.0,437.5,L,Confirm add run,5.0,0.1457
25 Jun 26,29991.0,30071.25,795.0,L,Fade L,5.0,0.2651
25 Jun 26,29963.25,30071.25,1072.5,L,Confirm add,5.0,0.3579
25 Jun 26,30028.5,30071.25,420.0,L,Confirm add run,5.0,0.1399
25 Jun 26,30082.5,30096.0,127.5,L,FvgL,5.0,0.0424
25 Jun 26,30082.5,30129.25,460.0,L,FvgL,5.0,0.1529
25 Jun 26,30148.5,30164.75,155.0,L,FvgL,5.0,0.0514
25 Jun 26,30148.5,30153.75,45.0,L,FvgL,5.0,0.0149
25 Jun 26,29423.5,29482.0,577.5,L,RTl,5.0,0.1963
25 Jun 26,29774.75,29755.25,187.5,S,FvgS,5.0,0.063
25 Jun 26,29774.75,29769.5,45.0,S,FvgS,5.0,0.0151
25 Jun 26,29720.0,29714.75,45.0,S,FvgS,5.0,0.0151
25 Jun 26,29720.0,29714.75,45.0,S,FvgS,5.0,0.0151
25 Jun 26,29858.5,29750.5,3217.5,S,F13S,15.0,0.3592
25 Jun 26,29858.5,29713.25,4335.0,S,F13S,15.0,0.4839
25 Jun 26,29681.75,29640.0,-425.0,L,PMF long lim,5.0,-0.1432
25 Jun 26,29665.25,29542.0,2450.0,S,SydS,10.0,0.4129
25 Jun 26,29553.5,29553.0,-12.5,L,Fade L,5.0,-0.0042
25 Jun 26,29553.5,29553.0,-12.5,L,Fade L,5.0,-0.0042
26 Jun 26,29516.5,29456.75,-1210.0,L,LvlL,10.0,-0.205
26 Jun 26,29438.25,29403.75,337.5,S,FvgS,5.0,0.1146
26 Jun 26,29438.25,29308.0,1295.0,S,FvgS,5.0,0.4399
26 Jun 26,29483.75,29528.0,435.0,L,FvgL,5.0,0.1475
26 Jun 26,29483.75,29489.0,45.0,L,FvgL,5.0,0.0153
26 Jun 26,29483.75,29482.5,-20.0,L,FvgL,5.0,-0.0068
26 Jun 26,29483.75,29482.5,-20.0,L,FvgL,5.0,-0.0068
26 Jun 26,29578.75,29621.5,1260.0,L,F13L,15.0,0.142
26 Jun 26,29578.75,29658.75,792.5,L,F13L,5.0,0.2679
26 Jun 26,29578.75,29656.0,1530.0,L,F13L,10.0,0.2586
26 Jun 26,29450.5,29485.5,342.5,L,PMF long lim,5.0,0.1163
28 Jun 26,29607.0,29472.75,-1350.0,L,FvgL,5.0,-0.456
28 Jun 26,29607.0,29472.75,-1350.0,L,FvgL,5.0,-0.456
28 Jun 26,29433.5,29428.25,45.0,S,FvgS,5.0,0.0153
28 Jun 26,29433.5,29428.25,45.0,S,FvgS,5.0,0.0153
29 Jun 26,29489.5,29646.0,-1572.5,S,FvgS,5.0,-0.5332
29 Jun 26,29489.5,29646.0,-1572.5,S,FvgS,5.0,-0.5332
29 Jun 26,30020.0,29975.5,1312.5,S,F13S,15.0,0.1457
29 Jun 26,30020.0,30018.75,15.0,S,F13S,15.0,0.0017
29 Jun 26,29980.0,30062.0,812.5,L,Fade L,5.0,0.271
29 Jun 26,30028.25,30062.0,330.0,L,Confirm add run,5.0,0.1099
30 Jun 26,29980.0,30195.0,2142.5,L,Fade L,5.0,0.7146
30 Jun 26,30028.25,30195.0,1660.0,L,Confirm add run,5.0,0.5528
30 Jun 26,30152.5,30081.75,-715.0,L,FvgL,5.0,-0.2371
30 Jun 26,30152.5,30081.75,-715.0,L,FvgL,5.0,-0.2371
30 Jun 26,30338.5,30341.75,-40.0,S,RTs,5.0,-0.0132
30 Jun 26,30520.5,30535.5,427.5,L,F13L,15.0,0.0467
30 Jun 26,30520.5,30548.5,817.5,L,F13L,15.0,0.0893
30 Jun 26,30546.0,30469.5,-1545.0,L,SydL,10.0,-0.2529
30 Jun 26,30544.25,30469.5,-755.0,L,Syd add,5.0,-0.2472
30 Jun 26,30473.75,30398.25,-762.5,L,Fade L,5.0,-0.2502
30 Jun 26,30473.75,30398.25,-762.5,L,Fade L,5.0,-0.2502
01 Jul 26,30367.5,30338.0,287.5,S,FvgS,5.0,0.0947
01 Jul 26,30367.5,30362.25,45.0,S,FvgS,5.0,0.0148
01 Jul 26,30367.5,30338.0,287.5,S,FvgS,5.0,0.0947
01 Jul 26,30367.5,30362.25,45.0,S,FvgS,5.0,0.0148
01 Jul 26,30279.5,30266.0,127.5,S,FvgS,5.0,0.0421
01 Jul 26,30279.5,30228.5,502.5,S,FvgS,5.0,0.166
01 Jul 26,30228.75,30202.25,772.5,S,F13S,15.0,0.0852
01 Jul 26,30228.75,30179.0,490.0,S,F13S,5.0,0.1621
01 Jul 26,30228.75,30180.75,945.0,S,F13S,10.0,0.1563
01 Jul 26,30104.25,30063.5,400.0,S,FvgS,5.0,0.1329
01 Jul 26,30104.25,30099.0,45.0,S,FvgS,5.0,0.0149
01 Jul 26,30107.5,30183.0,-762.5,S,Fade S,5.0,-0.2533
01 Jul 26,30107.5,30183.0,-762.5,S,Fade S,5.0,-0.2533
02 Jul 26,30128.25,30094.25,665.0,S,LvlS,10.0,0.1104
02 Jul 26,30095.25,30147.5,-530.0,S,FvgS,5.0,-0.1761
02 Jul 26,30095.25,30147.5,-530.0,S,FvgS,5.0,-0.1761
02 Jul 26,29988.25,29931.5,1120.0,S,LvlS,10.0,0.1867
02 Jul 26,29992.75,29982.0,100.0,S,FvgS,5.0,0.0333
02 Jul 26,29992.75,29956.75,352.5,S,FvgS,5.0,0.1175
02 Jul 26,30034.0,30082.75,960.0,L,LvlL,10.0,0.1598
02 Jul 26,29496.75,29458.25,1132.5,S,F13S,15.0,0.128
02 Jul 26,29496.75,29424.75,712.5,S,F13S,5.0,0.2416
02 Jul 26,29496.75,29418.5,1550.0,S,F13S,10.0,0.2627
02 Jul 26,29598.5,29576.75,210.0,S,FvgS,5.0,0.0709
02 Jul 26,29598.5,29593.25,45.0,S,FvgS,5.0,0.0152
02 Jul 26,29598.5,29576.75,210.0,S,FvgS,5.0,0.0709
02 Jul 26,29598.5,29593.25,45.0,S,FvgS,5.0,0.0152
02 Jul 26,29598.5,29669.25,-715.0,S,FvgS,5.0,-0.2416
02 Jul 26,29598.5,29669.25,-715.0,S,FvgS,5.0,-0.2416
03 Jul 26,29765.75,29802.5,720.0,L,LvlL,10.0,0.1209
03 Jul 26,29811.25,29855.5,870.0,L,LvlL,10.0,0.1459
03 Jul 26,29846.5,29886.5,392.5,L,FvgL,5.0,0.1315
05 Jul 26,29846.5,29997.25,1500.0,L,FvgL,5.0,0.5026
05 Jul 26,29967.75,29983.5,150.0,L,FvgL,5.0,0.0501
05 Jul 26,29967.75,29973.0,45.0,L,FvgL,5.0,0.015
05 Jul 26,29967.75,29916.5,-520.0,L,FvgL,5.0,-0.1735
05 Jul 26,29967.75,29916.5,-520.0,L,FvgL,5.0,-0.1735
05 Jul 26,29967.75,29916.5,-520.0,L,FvgL,5.0,-0.1735
05 Jul 26,29967.75,29916.5,-520.0,L,FvgL,5.0,-0.1735
06 Jul 26,29806.5,29766.5,785.0,S,LvlS,10.0,0.1317
06 Jul 26,29790.25,29771.5,180.0,S,FvgS,5.0,0.0604
06 Jul 26,29790.25,29785.0,45.0,S,FvgS,5.0,0.0151
06 Jul 26,29843.25,29872.25,565.0,L,LvlL,10.0,0.0947
06 Jul 26,29814.75,29855.5,400.0,L,FvgL,5.0,0.1342
06 Jul 26,29814.75,29820.0,45.0,L,FvgL,5.0,0.0151
06 Jul 26,29836.0,30075.25,2385.0,L,RFl,5.0,0.7994
06 Jul 26,30025.5,30039.0,127.5,L,FvgL,5.0,0.0425
06 Jul 26,30025.5,29981.75,-445.0,L,FvgL,5.0,-0.1482
06 Jul 26,29923.0,29990.75,2010.0,L,F13L,15.0,0.2239
06 Jul 26,29923.0,30012.5,2662.5,L,F13L,15.0,0.2966
06 Jul 26,30036.75,30001.75,342.5,S,PMF short lim,5.0,0.114
06 Jul 26,29908.5,29826.5,812.5,S,Fade S,5.0,0.2717
06 Jul 26,29872.75,29826.5,455.0,S,Confirm add run,5.0,0.1523
06 Jul 26,29908.5,29693.5,2142.5,S,Fade S,5.0,0.7164
06 Jul 26,29872.75,29693.5,1785.0,S,Confirm add run,5.0,0.5975
07 Jul 26,29675.25,29656.5,180.0,S,FvgS,5.0,0.0607
07 Jul 26,29675.25,29670.0,45.0,S,FvgS,5.0,0.0152
07 Jul 26,29619.25,29478.75,-1412.5,L,RTl,5.0,-0.4769
07 Jul 26,29511.25,29542.75,922.5,L,F13L,15.0,0.1042
07 Jul 26,29511.25,29560.75,1462.5,L,F13L,15.0,0.1652
07 Jul 26,29320.0,29358.25,375.0,L,PMF long lim,5.0,0.1279
07 Jul 26,29400.25,29368.0,315.0,S,FvgS,5.0,0.1071
07 Jul 26,29400.25,29368.0,315.0,S,FvgS,5.0,0.1071
07 Jul 26,29383.5,29318.5,1285.0,S,LvlS,10.0,0.2187
07 Jul 26,29374.75,29482.5,-1085.0,S,FvgS,5.0,-0.3694
07 Jul 26,29374.75,29482.5,-1085.0,S,FvgS,5.0,-0.3694
07 Jul 26,29487.5,29405.5,812.5,S,Fade S,5.0,0.2755
07 Jul 26,29449.75,29405.5,435.0,S,Confirm add run,5.0,0.1477
08 Jul 26,29514.0,29405.5,1077.5,S,Confirm add,5.0,0.3651
08 Jul 26,29487.5,29430.0,567.5,S,Fade S,5.0,0.1925
08 Jul 26,29514.0,29430.0,832.5,S,Confirm add,5.0,0.2821
08 Jul 26,29449.75,29430.0,190.0,S,Confirm add run,5.0,0.0645
08 Jul 26,29360.0,29318.5,815.0,S,LvlS,10.0,0.1388
08 Jul 26,29370.0,29310.25,-1210.0,L,LvlL,10.0,-0.206
08 Jul 26,28988.75,28958.5,295.0,S,FvgS,5.0,0.1018
08 Jul 26,28988.75,28958.5,295.0,S,FvgS,5.0,0.1018
08 Jul 26,28987.5,29047.25,-1210.0,S,LvlS,10.0,-0.2087
08 Jul 26,29213.75,29200.25,127.5,S,RFs,5.0,0.0436
08 Jul 26,29192.25,29200.25,-87.5,S,RfAS,5.0,-0.03
08 Jul 26,29402.0,29407.25,45.0,L,FvgL,5.0,0.0153
08 Jul 26,29402.0,29407.25,45.0,L,FvgL,5.0,0.0153
08 Jul 26,29510.0,29569.25,1170.0,L,SydL,10.0,0.1982
08 Jul 26,29511.5,29528.0,157.5,L,FvgL,5.0,0.0534
08 Jul 26,29528.5,29468.75,-1210.0,L,LvlL,10.0,-0.2049
08 Jul 26,29511.5,29528.0,157.5,L,FvgL,5.0,0.0534
08 Jul 26,29513.0,29453.25,-1210.0,L,LvlL,10.0,-0.205
08 Jul 26,29522.75,29463.0,-1210.0,L,LvlL,10.0,-0.2049
09 Jul 26,29706.25,29646.5,-1210.0,L,LvlL,10.0,-0.2037
09 Jul 26,29653.5,29593.75,-1210.0,L,LvlL,10.0,-0.204
09 Jul 26,29833.5,29728.5,1042.5,S,RTs,5.0,0.3494
09 Jul 26,29821.25,29728.5,920.0,S,RTaS,5.0,0.3085
09 Jul 26,29923.75,29891.5,630.0,S,LvlS,10.0,0.1053
09 Jul 26,29822.0,29904.0,812.5,L,Fade L,5.0,0.2724
09 Jul 26,29860.0,29904.0,432.5,L,Confirm add run,5.0,0.1448
10 Jul 26,29860.0,29880.5,197.5,L,Confirm add run,5.0,0.0661
10 Jul 26,29822.0,29893.0,702.5,L,Fade L,5.0,0.2356
10 Jul 26,29812.25,29781.75,595.0,S,LvlS,10.0,0.0998
10 Jul 26,29823.5,29808.5,142.5,S,FvgS,5.0,0.0478
10 Jul 26,29823.5,29872.0,-492.5,S,FvgS,5.0,-0.1651
10 Jul 26,29790.75,29808.25,167.5,L,FvgL,5.0,0.0562
10 Jul 26,29790.75,29857.0,655.0,L,FvgL,5.0,0.2199
10 Jul 26,29800.5,29992.25,1910.0,L,RFl,5.0,0.6409
10 Jul 26,29806.25,29992.25,1852.5,L,RfAL,5.0,0.6215
12 Jul 26,29911.75,29948.25,715.0,L,SydL,10.0,0.1195
13 Jul 26,29759.75,29794.25,675.0,L,LvlL,10.0,0.1134
13 Jul 26,29712.5,29599.25,1125.0,S,RFs,5.0,0.3786
13 Jul 26,29701.5,29599.25,1015.0,S,RfAS,5.0,0.3417
13 Jul 26,29507.0,29533.25,765.0,L,F13L,15.0,0.0864
13 Jul 26,29507.0,29465.25,-1275.0,L,F13L,15.0,-0.144
13 Jul 26,29440.5,29409.75,600.0,S,LvlS,10.0,0.1019
13 Jul 26,29387.0,29357.25,580.0,S,LvlS,10.0,0.0987
13 Jul 26,29419.0,29386.0,322.5,S,FvgS,5.0,0.1096
13 Jul 26,29419.0,29413.75,45.0,S,FvgS,5.0,0.0153
13 Jul 26,29522.75,29440.75,812.5,S,Fade S,5.0,0.2752
13 Jul 26,29487.25,29440.75,457.5,S,Confirm add run,5.0,0.1552
13 Jul 26,29522.75,29307.75,2142.5,S,Fade S,5.0,0.7257
13 Jul 26,29487.25,29307.75,1787.5,S,Confirm add run,5.0,0.6062
13 Jul 26,29371.5,29344.75,260.0,S,FvgS,5.0,0.0885
13 Jul 26,29371.5,29366.25,45.0,S,FvgS,5.0,0.0153
14 Jul 26,29625.75,29566.0,-1210.0,L,LvlL,10.0,-0.2042
14 Jul 26,29587.25,29618.25,605.0,L,LvlL,10.0,0.1022
14 Jul 26,29606.5,29646.75,790.0,L,LvlL,10.0,0.1334
14 Jul 26,29805.0,29852.0,462.5,L,FvgL,5.0,0.1552
14 Jul 26,29805.0,29810.25,45.0,L,FvgL,5.0,0.0151
14 Jul 26,29809.0,29823.75,420.0,L,F13L,15.0,0.047
14 Jul 26,29809.0,29836.75,810.0,L,F13L,15.0,0.0906
14 Jul 26,29900.5,29977.25,1520.0,L,SydL,10.0,0.2542
14 Jul 26,29904.75,29977.25,717.5,L,Syd add,5.0,0.2399
15 Jul 26,29978.0,30053.5,-762.5,S,Fade S,5.0,-0.2544
15 Jul 26,29978.0,30053.5,-762.5,S,Fade S,5.0,-0.2544
15 Jul 26,30003.5,30053.5,-507.5,S,Confirm add,5.0,-0.1691
15 Jul 26,30003.5,30053.5,-507.5,S,Confirm add,5.0,-0.1691
15 Jul 26,30005.75,30043.0,730.0,L,LvlL,10.0,0.1216
15 Jul 26,30031.75,30062.25,595.0,L,LvlL,10.0,0.0991
15 Jul 26,29899.25,29925.5,-270.0,S,FvgS,5.0,-0.0903
15 Jul 26,29899.25,29925.5,-270.0,S,FvgS,5.0,-0.0903
15 Jul 26,29795.5,29627.0,-1692.5,L,RFl,5.0,-0.568
15 Jul 26,29641.75,29646.25,37.5,L,PMF long lim,5.0,0.0127
15 Jul 26,29705.25,29690.5,140.0,S,FvgS,5.0,0.0471
15 Jul 26,29705.25,29741.75,-372.5,S,FvgS,5.0,-0.1254
15 Jul 26,29655.0,29737.0,812.5,L,Fade L,5.0,0.274
15 Jul 26,29628.5,29737.0,1077.5,L,Confirm add,5.0,0.3637
15 Jul 26,29693.25,29737.0,430.0,L,Confirm add run,5.0,0.1448
16 Jul 26,29655.0,29757.0,1012.5,L,Fade L,5.0,0.3414
16 Jul 26,29628.5,29757.0,1277.5,L,Confirm add,5.0,0.4312
16 Jul 26,29693.25,29757.0,630.0,L,Confirm add run,5.0,0.2122
16 Jul 26,29736.5,29736.25,-20.0,L,FvgL,10.0,-0.0034
16 Jul 26,29743.0,29683.25,-1210.0,L,LvlL,10.0,-0.2034
16 Jul 26,29517.75,29577.5,-1210.0,S,LvlS,10.0,-0.205
16 Jul 26,29538.75,29611.25,-732.5,S,FvgS,5.0,-0.248
16 Jul 26,29299.0,29404.0,1042.5,L,RTl,5.0,0.3558
16 Jul 26,29310.75,29404.0,925.0,L,RTaL,5.0,0.3156
16 Jul 26,29147.0,29147.25,-5.0,L,PMF long lim,5.0,-0.0017
16 Jul 26,29201.75,29220.25,1065.0,L,F13L,30.0,0.0608
16 Jul 26,29060.0,29014.0,905.0,S,SydS,10.0,0.1557
16 Jul 26,28995.5,29077.5,812.5,L,Fade L,5.0,0.2802
16 Jul 26,29035.25,29077.5,415.0,L,Confirm add run,5.0,0.1429
16 Jul 26,28995.5,29016.0,197.5,L,Fade L,5.0,0.0681
16 Jul 26,29035.25,28920.0,-1160.0,L,Confirm add run,5.0,-0.3995
16 Jul 26,28967.25,28920.0,-480.0,L,Confirm add,5.0,-0.1657
16 Jul 26,28967.25,28920.0,-480.0,L,Confirm add,5.0,-0.1657
16 Jul 26,28935.0,28921.75,125.0,S,FvgS,5.0,0.0432
16 Jul 26,28935.0,28929.75,45.0,S,FvgS,5.0,0.0156
17 Jul 26,28636.75,28467.0,-1705.0,L,RFl,5.0,-0.5954
17 Jul 26,28755.5,28724.75,300.0,S,FvgS,5.0,0.1043
17 Jul 26,28755.5,28772.5,-177.5,S,FvgS,5.0,-0.0617
17 Jul 26,28951.0,28876.5,-752.5,L,FvgL,5.0,-0.2599
17 Jul 26,28951.0,28876.5,-752.5,L,FvgL,5.0,-0.2599
17 Jul 26,28794.25,28798.75,37.5,L,PMF long lim,5.0,0.013
19 Jul 26,28877.5,28931.5,1065.0,L,SydL,10.0,0.1844
19 Jul 26,28897.0,28902.25,45.0,L,FvgL,5.0,0.0156
19 Jul 26,28897.0,28902.25,45.0,L,FvgL,5.0,0.0156
20 Jul 26,28840.0,28877.75,370.0,L,FvgL,5.0,0.1283
20 Jul 26,28840.0,28983.25,1425.0,L,FvgL,5.0,0.4941
20 Jul 26,29104.75,29090.0,140.0,S,RFs,5.0,0.0481
20 Jul 26,29043.25,29090.0,-475.0,S,RfAS,5.0,-0.1635
20 Jul 26,29074.75,29096.25,207.5,L,FvgL,5.0,0.0714
20 Jul 26,29074.75,29005.0,-705.0,L,FvgL,5.0,-0.2425
20 Jul 26,28921.25,28949.0,810.0,L,F13L,15.0,0.0934
20 Jul 26,28921.25,28973.0,510.0,L,F13L,5.0,0.1763
20 Jul 26,28921.25,28975.5,1070.0,L,F13L,10.0,0.185
20 Jul 26,28854.0,28858.5,37.5,L,PMF long lim,5.0,0.013
20 Jul 26,28805.75,28881.25,-762.5,S,Fade S,5.0,-0.2647
20 Jul 26,28805.75,28881.25,-762.5,S,Fade S,5.0,-0.2647
20 Jul 26,28870.0,28923.5,1055.0,L,LvlL,10.0,0.1827
20 Jul 26,28883.0,28923.5,795.0,L,LvlL,10.0,0.1376
21 Jul 26,29049.0,29063.75,140.0,L,FvgL,5.0,0.0482
21 Jul 26,29049.0,29063.75,140.0,L,FvgL,5.0,0.0482
21 Jul 26,29062.75,29099.0,710.0,L,LvlL,10.0,0.1221
21 Jul 26,29155.5,29186.75,610.0,L,LvlL,10.0,0.1046
21 Jul 26,29149.0,29163.5,137.5,L,FvgL,5.0,0.0472
21 Jul 26,29149.0,29163.5,137.5,L,FvgL,5.0,0.0472
21 Jul 26,29149.0,29163.5,137.5,L,FvgL,5.0,0.0472
21 Jul 26,29169.5,29208.5,765.0,L,LvlL,10.0,0.1311
21 Jul 26,29210.0,29070.5,1387.5,S,RTs,5.0,0.475
21 Jul 26,29170.0,29070.5,987.5,S,RTaS,5.0,0.3385
21 Jul 26,29174.25,29201.0,260.0,L,FvgL,5.0,0.0891
21 Jul 26,29174.25,29275.25,1002.5,L,FvgL,5.0,0.3436
21 Jul 26,29255.75,29286.75,302.5,L,FvgL,5.0,0.1034
21 Jul 26,29255.75,29286.0,295.0,L,FvgL,5.0,0.1008
21 Jul 26,29255.75,29286.75,302.5,L,FvgL,5.0,0.1034
21 Jul 26,29287.75,29325.25,735.0,L,LvlL,10.0,0.1255
21 Jul 26,29279.5,29290.0,97.5,L,FvgL,5.0,0.0333
21 Jul 26,29279.5,29245.75,-345.0,L,FvgL,5.0,-0.1178
21 Jul 26,29266.0,29198.25,-685.0,L,FvgL,5.0,-0.2341
21 Jul 26,29266.0,29198.25,-685.0,L,FvgL,5.0,-0.2341
22 Jul 26,29007.5,29328.0,3197.5,L,RFl,5.0,1.1023
22 Jul 26,29298.5,29310.0,322.5,L,F13L,15.0,0.0367
22 Jul 26,29298.5,29319.75,615.0,L,F13L,15.0,0.07
22 Jul 26,29267.0,29181.25,-1730.0,L,FvgL,10.0,-0.2956
22 Jul 26,29045.75,29105.5,-1210.0,S,LvlS,10.0,-0.2083
22 Jul 26,29070.25,29108.5,-390.0,S,FvgS,5.0,-0.1342
22 Jul 26,29214.5,29132.5,812.5,S,Fade S,5.0,0.2781
22 Jul 26,29240.5,29132.5,1072.5,S,Confirm add,5.0,0.3668
22 Jul 26,29176.0,29132.5,427.5,S,Confirm add run,5.0,0.1465
23 Jul 26,29176.0,29155.5,197.5,S,Confirm add run,5.0,0.0677
23 Jul 26,29214.5,29115.5,982.5,S,Fade S,5.0,0.3363
23 Jul 26,29240.5,29115.5,1242.5,S,Confirm add,5.0,0.4249
23 Jul 26,29136.25,29151.5,-320.0,S,FvgS,10.0,-0.0549
23 Jul 26,29130.75,29095.5,690.0,S,LvlS,10.0,0.1184
23 Jul 26,29042.5,29102.25,-1210.0,S,LvlS,10.0,-0.2083
23 Jul 26,29057.75,29117.5,-1210.0,S,LvlS,10.0,-0.2082
23 Jul 26,28929.75,28890.75,765.0,S,LvlS,10.0,0.1322
23 Jul 26,28662.5,28767.5,1042.5,L,RTl,5.0,0.3637
23 Jul 26,28611.25,28597.0,135.0,S,FvgS,5.0,0.0472
23 Jul 26,28611.25,28657.0,-465.0,S,FvgS,5.0,-0.1625
23 Jul 26,28664.75,28659.5,45.0,S,FvgS,5.0,0.0157
23 Jul 26,28664.75,28659.5,45.0,S,FvgS,5.0,0.0157
23 Jul 26,28673.25,28677.5,-300.0,S,F13S,30.0,-0.0174
23 Jul 26,28717.5,28699.25,175.0,S,FvgS,5.0,0.0609
23 Jul 26,28717.5,28712.25,45.0,S,FvgS,5.0,0.0157
23 Jul 26,28655.25,28691.75,715.0,L,LvlL,10.0,0.1248
23 Jul 26,28619.25,28570.25,965.0,S,LvlS,10.0,0.1686
24 Jul 26,28543.25,28479.5,1260.0,S,LvlS,10.0,0.2207
24 Jul 26,28574.25,28546.5,270.0,S,FvgS,5.0,0.0945
24 Jul 26,28574.25,28569.0,45.0,S,FvgS,5.0,0.0157
24 Jul 26,28607.25,28594.75,117.5,S,FvgS,5.0,0.0411
24 Jul 26,28607.25,28647.5,-410.0,S,FvgS,5.0,-0.1433
24 Jul 26,28632.5,28677.25,880.0,L,LvlL,10.0,0.1537
24 Jul 26,28594.25,28429.25,-1657.5,L,RFl,5.0,-0.5797
24 Jul 26,28544.0,28500.0,432.5,S,FvgS,5.0,0.1515
24 Jul 26,28544.0,28378.0,1652.5,S,FvgS,5.0,0.5789
24 Jul 26,28252.25,28287.25,342.5,L,PMF long lim,5.0,0.1212
27 Jul 26,28660.5,28714.75,535.0,L,FvgL,5.0,0.1867
27 Jul 26,28660.5,28665.75,45.0,L,FvgL,5.0,0.0157
27 Jul 26,28667.75,28638.25,575.0,S,LvlS,10.0,0.1003
27 Jul 26,28689.75,28339.25,3497.5,S,RFs,5.0,1.2191
27 Jul 26,28244.25,28209.25,342.5,S,PMF short lim,5.0,0.1213
27 Jul 26,28056.25,27980.75,-762.5,L,Fade L,5.0,-0.2718
27 Jul 26,28056.25,27980.75,-762.5,L,Fade L,5.0,-0.2718
27 Jul 26,28033.25,27983.25,492.5,S,FvgS,5.0,0.1757
27 Jul 26,28033.25,28028.0,45.0,S,FvgS,5.0,0.0161
27 Jul 26,28035.5,28010.25,245.0,S,FvgS,5.0,0.0874
27 Jul 26,27994.0,28053.75,-1210.0,S,LvlS,10.0,-0.2161
28 Jul 26,28035.5,28010.25,245.0,S,FvgS,5.0,0.0874
28 Jul 26,27979.75,27855.75,2465.0,S,LvlS,10.0,0.4405
28 Jul 26,27858.0,27917.75,-1210.0,S,LvlS,10.0,-0.2172
28 Jul 26,27960.25,27928.0,630.0,S,LvlS,10.0,0.1127
28 Jul 26,27950.5,27895.25,1090.0,S,LvlS,10.0,0.195
28 Jul 26,27883.5,27743.0,-1412.5,L,RTl,5.0,-0.5066
28 Jul 26,27933.5,27968.25,340.0,L,FvgL,5.0,0.1217
28 Jul 26,27933.5,27938.75,45.0,L,FvgL,5.0,0.0161
28 Jul 26,28018.75,27983.75,342.5,S,PMF short lim,5.0,0.1222
28 Jul 26,27950.0,28012.75,-635.0,S,FvgS,5.0,-0.2272
28 Jul 26,27950.0,28012.75,-635.0,S,FvgS,5.0,-0.2272
28 Jul 26,28011.0,27935.5,-762.5,L,Fade L,5.0,-0.2722
28 Jul 26,28011.0,27935.5,-762.5,L,Fade L,5.0,-0.2722
29 Jul 26,27876.25,27918.25,-427.5,S,FvgS,5.0,-0.1534
29 Jul 26,27876.25,27918.25,-427.5,S,FvgS,5.0,-0.1534
29 Jul 26,27959.5,27994.5,685.0,L,LvlL,10.0,0.1225
29 Jul 26,27987.0,28015.5,555.0,L,LvlL,10.0,0.0992
29 Jul 26,27992.5,27932.75,-1210.0,L,LvlL,10.0,-0.2161
29 Jul 26,27978.25,27575.5,4020.0,S,RFs,5.0,1.4368
29 Jul 26,27706.5,27683.0,227.5,S,FvgS,5.0,0.0821
29 Jul 26,27706.5,27701.25,45.0,S,FvgS,5.0,0.0162
29 Jul 26,27559.75,27622.0,1230.0,L,SydL,10.0,0.2232
29 Jul 26,27659.0,27577.0,812.5,S,Fade S,5.0,0.2938
29 Jul 26,27610.0,27577.0,322.5,S,Confirm add run,5.0,0.1168
30 Jul 26,27659.0,27444.0,2142.5,S,Fade S,5.0,0.7746
30 Jul 26,27610.0,27444.0,1652.5,S,Confirm add run,5.0,0.5985
30 Jul 26,28130.5,28106.5,232.5,S,RTs,5.0,0.0827
30 Jul 26,28164.25,28169.5,45.0,L,FvgL,5.0,0.016
30 Jul 26,28164.25,28169.5,45.0,L,FvgL,5.0,0.016
30 Jul 26,28221.75,28219.25,105.0,S,F13S,30.0,0.0062
30 Jul 26,28388.75,28422.75,665.0,L,LvlL,10.0,0.1171
30 Jul 26,28361.75,28395.25,327.5,L,FvgL,5.0,0.1155
30 Jul 26,28361.75,28488.75,1262.5,L,FvgL,5.0,0.4451
30 Jul 26,28507.25,28425.25,812.5,S,Fade S,5.0,0.285
30 Jul 26,28469.5,28425.25,435.0,S,Confirm add run,5.0,0.1528
31 Jul 26,28507.25,28486.75,197.5,S,Fade S,5.0,0.0693
31 Jul 26,28469.5,28558.5,-897.5,S,Confirm add run,5.0,-0.3152
31 Jul 26,28535.0,28099.5,4347.5,S,RFs,5.0,1.5236
31 Jul 26,28435.25,28398.25,1087.5,S,F13S,15.0,0.1275
31 Jul 26,28435.25,28434.0,5.0,S,F13S,5.0,0.0018
31 Jul 26,28435.25,28410.0,490.0,S,F13S,10.0,0.0862
02 Aug 26,28572.75,28587.0,135.0,L,FvgL,5.0,0.0472
02 Aug 26,28572.75,28626.0,525.0,L,FvgL,5.0,0.1837
02 Aug 26,28572.75,28578.0,45.0,L,FvgL,5.0,0.0157
02 Aug 26,28572.75,28578.0,45.0,L,FvgL,5.0,0.0157
02 Aug 26,28572.75,28587.0,135.0,L,FvgL,5.0,0.0472
02 Aug 26,28572.75,28626.0,525.0,L,FvgL,5.0,0.1837
02 Aug 26,28586.0,28622.75,720.0,L,LvlL,10.0,0.1259
02 Aug 26,28613.5,28648.75,690.0,L,LvlL,10.0,0.1206
02 Aug 26,28646.75,28682.75,705.0,L,LvlL,10.0,0.1231
03 Aug 26,28635.0,28598.0,725.0,S,LvlS,10.0,0.1266
03 Aug 26,28552.0,28522.0,585.0,S,LvlS,10.0,0.1024
03 Aug 26,28431.75,28406.75,242.5,S,FvgS,5.0,0.0853
03 Aug 26,28431.75,28426.5,45.0,S,FvgS,5.0,0.0158
03 Aug 26,28358.0,28816.5,4577.5,L,RFl,5.0,1.6142
03 Aug 26,28433.25,28816.5,3825.0,L,RfAL,5.0,1.3453
03 Aug 26,28896.75,28879.75,975.0,S,F13S,30.0,0.0562
03 Aug 26,28905.5,28987.5,812.5,L,Fade L,5.0,0.2811
03 Aug 26,28878.75,28987.5,1080.0,L,Confirm add,5.0,0.374
03 Aug 26,28952.0,28987.5,347.5,L,Confirm add run,5.0,0.12
04 Aug 26,28905.5,28996.5,902.5,L,Fade L,5.0,0.3122
04 Aug 26,28878.75,28996.5,1170.0,L,Confirm add,5.0,0.4051
04 Aug 26,28952.0,28996.5,437.5,L,Confirm add run,5.0,0.1511
04 Aug 26,29194.5,29240.75,455.0,L,FvgL,5.0,0.1559
04 Aug 26,29194.5,29369.25,1740.0,L,FvgL,5.0,0.596
04 Aug 26,29835.0,29864.25,-1800.0,S,F13S,30.0,-0.1006
04 Aug 26,29857.75,29887.25,575.0,L,SydL,10.0,0.0963
04 Aug 26,29857.5,29887.25,290.0,L,Syd add,5.0,0.0971
05 Aug 26,29883.0,29941.0,-1175.0,S,Fade S,10.0,-0.1966
05 Aug 26,29847.75,29941.0,-1880.0,S,Confirm add run,10.0,-0.3149
05 Aug 26,29921.75,29933.25,107.5,L,FvgL,5.0,0.0359
05 Aug 26,29921.75,29965.25,427.5,L,FvgL,5.0,0.1429
05 Aug 26,29855.25,29866.25,102.5,L,FvgL,5.0,0.0343
05 Aug 26,29855.25,29896.5,405.0,L,FvgL,5.0,0.1357
05 Aug 26,29883.5,29888.75,45.0,L,FvgL,5.0,0.0151
05 Aug 26,29883.5,29888.75,45.0,L,FvgL,5.0,0.0151
05 Aug 26,29588.5,29648.25,-1210.0,S,LvlS,10.0,-0.2045
05 Aug 26,29633.75,29614.25,187.5,S,FvgS,5.0,0.0633
05 Aug 26,29633.75,29560.0,730.0,S,FvgS,5.0,0.2463
05 Aug 26,29525.25,29607.25,812.5,L,Fade L,5.0,0.2752
05 Aug 26,29499.75,29607.25,1067.5,L,Confirm add,5.0,0.3619
05 Aug 26,29561.0,29607.25,455.0,L,Confirm add run,5.0,0.1539
06 Aug 26,29525.25,29580.75,547.5,L,Fade L,5.0,0.1854
06 Aug 26,29499.75,29580.75,802.5,L,Confirm add,5.0,0.272
06 Aug 26,29561.0,29580.75,190.0,L,Confirm add run,5.0,0.0643
06 Aug 26,29490.5,29468.25,215.0,S,FvgS,5.0,0.0729
06 Aug 26,29490.5,29485.25,45.0,S,FvgS,5.0,0.0153
06 Aug 26,29487.75,29529.0,-420.0,S,FvgS,5.0,-0.1424
06 Aug 26,29487.75,29529.0,-420.0,S,FvgS,5.0,-0.1424
06 Aug 26,29357.25,29468.25,1102.5,L,RTl,5.0,0.3755
06 Aug 26,29370.5,29468.25,970.0,L,RTaL,5.0,0.3303
06 Aug 26,29564.5,29595.5,302.5,L,FvgL,5.0,0.1023
06 Aug 26,29564.5,29569.75,45.0,L,FvgL,5.0,0.0152
06 Aug 26,29564.5,29595.5,302.5,L,FvgL,5.0,0.1023
06 Aug 26,29564.5,29569.75,45.0,L,FvgL,5.0,0.0152
06 Aug 26,29604.5,29529.25,-1520.0,L,SydL,10.0,-0.2567
06 Aug 26,29524.75,29565.5,400.0,L,FvgL,5.0,0.1355
06 Aug 26,29524.75,29530.0,45.0,L,FvgL,5.0,0.0152
07 Aug 26,29533.0,29457.5,-762.5,L,Fade L,5.0,-0.2582
07 Aug 26,29533.0,29457.5,-762.5,L,Fade L,5.0,-0.2582
07 Aug 26,29570.5,29457.5,-1137.5,L,Confirm add run,5.0,-0.3847
07 Aug 26,29570.5,29457.5,-1137.5,L,Confirm add run,5.0,-0.3847
07 Aug 26,29505.5,29457.5,-487.5,L,Confirm add,5.0,-0.1652
07 Aug 26,29505.5,29457.5,-487.5,L,Confirm add,5.0,-0.1652
07 Aug 26,29519.75,29506.75,122.5,S,FvgS,5.0,0.0415
07 Aug 26,29519.75,29561.75,-427.5,S,FvgS,5.0,-0.1448
07 Aug 26,29574.0,29808.75,2340.0,L,RFl,5.0,0.7912
07 Aug 26,29710.25,29737.25,787.5,L,F13L,15.0,0.0884
07 Aug 26,29710.25,29752.25,1237.5,L,F13L,15.0,0.1388
07 Aug 26,29812.0,29777.0,342.5,S,PMF short lim,5.0,0.1149
09 Aug 26,29834.0,29852.5,177.5,L,FvgL,5.0,0.0595
09 Aug 26,29834.0,29839.25,45.0,L,FvgL,5.0,0.0151
09 Aug 26,29848.5,29871.5,222.5,L,FvgL,5.0,0.0745
09 Aug 26,29848.5,29853.75,45.0,L,FvgL,5.0,0.0151
09 Aug 26,29848.5,29871.5,222.5,L,FvgL,5.0,0.0745
10 Aug 26,29848.5,29935.25,860.0,L,FvgL,5.0,0.2881
10 Aug 26,29939.75,29957.5,170.0,L,FvgL,5.0,0.0568
10 Aug 26,29939.75,29945.0,45.0,L,FvgL,5.0,0.015
10 Aug 26,29939.75,29957.5,170.0,L,FvgL,5.0,0.0568
10 Aug 26,29939.75,29882.0,-585.0,L,FvgL,5.0,-0.1954
10 Aug 26,29869.25,29824.25,885.0,S,LvlS,10.0,0.1481
10 Aug 26,29793.75,29758.5,345.0,S,LvlS,5.0,0.1158
10 Aug 26,29793.75,29752.5,405.0,S,LvlS,5.0,0.1359
10 Aug 26,29839.0,29833.75,45.0,S,FvgS,5.0,0.0151
10 Aug 26,29839.0,29833.75,45.0,S,FvgS,5.0,0.0151
10 Aug 26,29839.0,29783.5,547.5,S,FvgS,5.0,0.1835
10 Aug 26,29839.0,29764.5,737.5,S,FvgS,5.0,0.2472
10 Aug 26,29760.75,29802.75,-427.5,S,FvgS,5.0,-0.1436
10 Aug 26,29760.75,29802.75,-427.5,S,FvgS,5.0,-0.1436
11 Aug 26,29805.25,29820.75,147.5,L,FvgL,5.0,0.0495
11 Aug 26,29805.25,29820.75,147.5,L,FvgL,5.0,0.0495
11 Aug 26,29837.75,29778.0,-1210.0,L,LvlL,10.0,-0.2028
11 Aug 26,29746.0,29805.75,-1210.0,S,LvlS,10.0,-0.2034
11 Aug 26,29815.0,29850.0,685.0,L,LvlL,10.0,0.1149
11 Aug 26,29782.0,29641.5,-1412.5,L,RTl,5.0,-0.4743
11 Aug 26,29571.75,29594.0,645.0,L,F13L,15.0,0.0727
11 Aug 26,29571.75,29613.25,1222.5,L,F13L,15.0,0.1378
11 Aug 26,29623.25,29658.25,342.5,L,PMF long lim,5.0,0.1156
11 Aug 26,29665.75,29682.75,325.0,L,SydL,10.0,0.0548
11 Aug 26,29675.0,29682.75,70.0,L,Syd add,5.0,0.0236
12 Aug 26,29704.25,29668.5,-365.0,L,FvgL,5.0,-0.1229
12 Aug 26,29704.25,29668.5,-365.0,L,FvgL,5.0,-0.1229
12 Aug 26,29831.25,29831.75,-5.0,L,LvlL,10.0,-0.0008
12 Aug 26,29908.0,29941.25,650.0,L,LvlL,10.0,0.1087
12 Aug 26,29891.25,29902.75,107.5,L,FvgL,5.0,0.036
12 Aug 26,29891.25,29896.5,45.0,L,FvgL,5.0,0.0151
12 Aug 26,29866.5,29848.0,-192.5,L,PMF long lim,5.0,-0.0645
12 Aug 26,29824.0,29857.25,325.0,L,FvgL,5.0,0.109
13 Aug 26,29856.0,29885.0,565.0,L,LvlL,10.0,0.0946
13 Aug 26,29891.0,29851.25,780.0,S,LvlS,10.0,0.1305
13 Aug 26,29859.0,29840.25,180.0,S,FvgS,5.0,0.0603
13 Aug 26,29859.0,29840.25,180.0,S,FvgS,5.0,0.0603
13 Aug 26,29848.25,29908.0,-1210.0,S,LvlS,10.0,-0.2027
13 Aug 26,29859.0,29919.5,-612.5,S,FvgS,5.0,-0.2051
13 Aug 26,30197.75,30194.25,27.5,S,RTs,5.0,0.0091
13 Aug 26,30150.5,30162.25,110.0,L,FvgL,5.0,0.0365
13 Aug 26,30150.5,30112.25,-390.0,L,FvgL,5.0,-0.1294
13 Aug 26,30213.5,30236.75,225.0,L,FvgL,5.0,0.0745
13 Aug 26,30213.5,30238.75,245.0,L,FvgL,5.0,0.0811
13 Aug 26,30238.75,30241.75,-37.5,S,F13S,5.0,-0.0124
13 Aug 26,30238.75,30222.5,465.0,S,F13S,15.0,0.0513
13 Aug 26,30238.75,30208.25,892.5,S,F13S,15.0,0.0984
13 Aug 26,30188.25,30167.25,405.0,S,SydS,10.0,0.0671
14 Aug 26,30167.25,30141.0,-540.0,L,Fade L,10.0,-0.0895
14 Aug 26,30258.0,30198.25,-1210.0,L,LvlL,10.0,-0.1999
14 Aug 26,30200.25,30096.25,-1047.5,L,RFl,5.0,-0.3469
14 Aug 26,30081.0,30066.0,142.5,S,FvgS,5.0,0.0474
14 Aug 26,30081.0,30129.5,-492.5,S,FvgS,5.0,-0.1637
16 Aug 26,30190.5,30220.5,585.0,L,LvlL,10.0,0.0969
17 Aug 26,30210.25,30260.25,985.0,L,LvlL,10.0,0.163
17 Aug 26,30296.5,30333.25,360.0,L,FvgL,5.0,0.1188
17 Aug 26,30314.25,30254.5,-1210.0,L,LvlL,10.0,-0.1996
17 Aug 26,30280.0,30214.75,645.0,S,RFs,5.0,0.213
17 Aug 26,30092.25,30105.25,122.5,L,PMF long lim,5.0,0.0407
17 Aug 26,30112.75,30030.75,812.5,S,Fade S,5.0,0.2698
17 Aug 26,30078.5,30030.75,470.0,S,Confirm add run,5.0,0.1563
17 Aug 26,30112.75,29897.75,2142.5,S,Fade S,5.0,0.7115
17 Aug 26,30078.5,29897.75,1800.0,S,Confirm add run,5.0,0.5984
18 Aug 26,29738.25,29704.0,670.0,S,LvlS,10.0,0.1126
18 Aug 26,29647.25,29636.5,-115.0,L,RTl,5.0,-0.0388
18 Aug 26,29662.25,29636.5,-265.0,L,RTaL,5.0,-0.0893
18 Aug 26,29595.0,29581.25,-870.0,L,F13L,30.0,-0.049
18 Aug 26,29560.5,29542.0,177.5,S,FvgS,5.0,0.06
18 Aug 26,29560.5,29491.0,687.5,S,FvgS,5.0,0.2326
19 Aug 26,29509.75,29471.5,375.0,S,FvgS,5.0,0.1271
19 Aug 26,29509.75,29504.5,45.0,S,FvgS,5.0,0.0152
19 Aug 26,29622.0,29562.25,-1210.0,L,LvlL,10.0,-0.2042
19 Aug 26,29529.0,29588.75,-1210.0,S,LvlS,10.0,-0.2049
19 Aug 26,29743.25,29428.0,3145.0,S,RFs,5.0,1.0574
19 Aug 26,29736.25,29428.0,3075.0,S,RfAS,5.0,1.0341
19 Aug 26,29618.0,29545.5,-732.5,L,FvgL,5.0,-0.2473
19 Aug 26,29618.0,29545.5,-732.5,L,FvgL,5.0,-0.2473
19 Aug 26,29580.0,29563.5,157.5,S,FvgS,5.0,0.0532
19 Aug 26,29580.0,29534.75,445.0,S,FvgS,5.0,0.1504
19 Aug 26,29534.75,29530.75,-237.5,L,F13L,25.0,-0.0161
19 Aug 26,29609.5,29663.5,1065.0,L,LvlL,10.0,0.1798
20 Aug 26,29658.0,29600.75,1130.0,S,Fade S,10.0,0.1905
20 Aug 26,29621.75,29600.75,405.0,S,Confirm add run,10.0,0.0684
20 Aug 26,29647.75,29588.0,-1210.0,L,LvlL,10.0,-0.2041
20 Aug 26,29344.75,29325.0,190.0,S,RTs,5.0,0.0647
20 Aug 26,29328.5,29325.0,27.5,S,RTaS,5.0,0.0094
21 Aug 26,29393.5,29366.0,535.0,S,Fade S,10.0,0.091
21 Aug 26,29356.0,29366.0,-215.0,S,Confirm add run,10.0,-0.0366
21 Aug 26,29420.25,29431.25,102.5,L,FvgL,5.0,0.0348
21 Aug 26,29420.25,29461.5,405.0,L,FvgL,5.0,0.1377
21 Aug 26,29431.75,29450.5,180.0,L,FvgL,5.0,0.0612
21 Aug 26,29431.75,29502.25,697.5,L,FvgL,5.0,0.237
21 Aug 26,29491.25,29511.5,195.0,L,FvgL,5.0,0.0661
21 Aug 26,29491.25,29496.5,45.0,L,FvgL,5.0,0.0153
21 Aug 26,29496.5,29378.5,-1187.5,L,RFl,5.0,-0.4026
21 Aug 26,29425.5,29410.25,145.0,S,FvgS,5.0,0.0493
21 Aug 26,29425.5,29420.25,45.0,S,FvgS,5.0,0.0153
21 Aug 26,29372.75,29405.0,945.0,L,F13L,15.0,0.1072
21 Aug 26,29372.75,29414.0,1215.0,L,F13L,15.0,0.1379
23 Aug 26,29425.5,29468.5,-437.5,S,FvgS,5.0,-0.1487
23 Aug 26,29425.5,29468.5,-437.5,S,FvgS,5.0,-0.1487
23 Aug 26,29402.5,29354.5,472.5,S,FvgS,5.0,0.1607
24 Aug 26,29402.5,29221.25,1805.0,S,FvgS,5.0,0.6139
24 Aug 26,29260.25,29250.5,90.0,S,FvgS,5.0,0.0308
24 Aug 26,29260.25,29223.25,362.5,S,FvgS,5.0,0.1239
24 Aug 26,29167.25,29210.25,-437.5,S,FvgS,5.0,-0.15
24 Aug 26,29163.0,29222.75,-1210.0,S,LvlS,10.0,-0.2075
24 Aug 26,29222.25,29162.5,-1210.0,L,LvlL,10.0,-0.207
24 Aug 26,29132.25,29026.25,-1067.5,L,RFl,5.0,-0.3664
24 Aug 26,29052.0,29156.0,-1047.5,S,FvgS,5.0,-0.3606
24 Aug 26,29052.0,29156.0,-1047.5,S,FvgS,5.0,-0.3606
24 Aug 26,29154.25,29145.75,155.0,S,FvgS,10.0,0.0266
24 Aug 26,29145.75,29169.0,675.0,L,F13L,15.0,0.0772
24 Aug 26,29145.75,29097.75,-1462.5,L,F13L,15.0,-0.1673
24 Aug 26,29072.25,29051.0,205.0,S,FvgS,5.0,0.0705
24 Aug 26,29072.25,29141.25,-697.5,S,FvgS,5.0,-0.2399
24 Aug 26,29126.0,29162.75,720.0,L,LvlL,10.0,0.1236
24 Aug 26,29128.0,29177.5,-502.5,S,FvgS,5.0,-0.1725
24 Aug 26,29128.0,29177.5,-502.5,S,FvgS,5.0,-0.1725
25 Aug 26,29268.25,29299.25,605.0,L,LvlL,10.0,0.1034
25 Aug 26,29245.75,29258.5,120.0,L,RTl,5.0,0.041
25 Aug 26,29254.75,29258.5,30.0,L,RTaL,5.0,0.0103
25 Aug 26,29216.0,29238.25,645.0,L,F13L,15.0,0.0736
25 Aug 26,29216.0,29257.5,1222.5,L,F13L,15.0,0.1395
25 Aug 26,29283.75,29224.0,-1210.0,L,LvlL,10.0,-0.2066
25 Aug 26,29167.5,29249.5,812.5,L,Fade L,5.0,0.2786
25 Aug 26,29140.5,29249.5,1082.5,L,Confirm add,5.0,0.3715
25 Aug 26,29212.25,29249.5,365.0,L,Confirm add run,5.0,0.1249
26 Aug 26,29167.5,29235.5,672.5,L,Fade L,5.0,0.2306
26 Aug 26,29140.5,29235.5,942.5,L,Confirm add,5.0,0.3234
26 Aug 26,29212.25,29235.5,225.0,L,Confirm add run,5.0,0.077
26 Aug 26,29217.5,29254.0,715.0,L,LvlL,10.0,0.1224
26 Aug 26,29224.75,29203.0,210.0,S,FvgS,5.0,0.0719
26 Aug 26,29224.75,29219.5,45.0,S,FvgS,5.0,0.0154
26 Aug 26,29198.75,29255.0,555.0,L,FvgL,5.0,0.1901
26 Aug 26,29198.75,29204.0,45.0,L,FvgL,5.0,0.0154
26 Aug 26,29198.75,29255.0,555.0,L,FvgL,5.0,0.1901
26 Aug 26,29198.75,29411.25,2117.5,L,FvgL,5.0,0.7252
26 Aug 26,29557.25,29589.25,625.0,L,LvlL,10.0,0.1057
26 Aug 26,29603.25,29635.5,630.0,L,LvlL,10.0,0.1064
26 Aug 26,29535.25,29459.75,-762.5,L,Fade L,5.0,-0.2582
26 Aug 26,29535.25,29459.75,-762.5,L,Fade L,5.0,-0.2582
26 Aug 26,29535.0,29563.0,545.0,L,LvlL,10.0,0.0923
27 Aug 26,29543.25,29483.5,-1210.0,L,LvlL,10.0,-0.2048
27 Aug 26,29571.5,29576.75,45.0,L,FvgL,5.0,0.0152
27 Aug 26,29571.5,29576.75,45.0,L,FvgL,5.0,0.0152
27 Aug 26,29582.0,29601.0,182.5,L,FvgL,5.0,0.0617
27 Aug 26,29582.0,29653.75,710.0,L,FvgL,5.0,0.24
27 Aug 26,29643.25,29561.75,-2467.5,L,F13L,15.0,-0.2775
27 Aug 26,29643.25,29561.75,-2467.5,L,F13L,15.0,-0.2775
27 Aug 26,29601.5,29636.5,342.5,L,PMF long lim,5.0,0.1157
28 Aug 26,29679.75,29623.5,1110.0,S,Fade S,10.0,0.187
28 Aug 26,29644.25,29623.5,400.0,S,Confirm add run,10.0,0.0675
28 Aug 26,29609.25,29579.0,590.0,S,LvlS,10.0,0.0996
28 Aug 26,29612.0,29671.75,-1210.0,S,LvlS,10.0,-0.2043
28 Aug 26,29592.25,29533.25,-597.5,L,RFl,5.0,-0.2019
28 Aug 26,29610.0,29533.25,-775.0,L,RfAL,5.0,-0.2617
28 Aug 26,29512.75,29486.0,780.0,S,F13S,15.0,0.0881
28 Aug 26,29512.75,29462.75,492.5,S,F13S,5.0,0.1669
28 Aug 26,29512.75,29447.5,1290.0,S,F13S,10.0,0.2185
28 Aug 26,29497.5,29516.0,177.5,L,PMF long lim,5.0,0.0602
30 Aug 26,29288.25,29360.5,-1460.0,S,SydS,10.0,-0.2492
30 Aug 26,29363.5,29352.75,100.0,S,FvgS,5.0,0.0341
31 Aug 26,29363.5,29398.25,-355.0,S,FvgS,5.0,-0.1209
31 Aug 26,29505.25,29536.25,605.0,L,LvlL,10.0,0.1025
31 Aug 26,29495.0,29492.5,-65.0,L,FvgL,10.0,-0.011
31 Aug 26,29495.0,29508.5,127.5,L,FvgL,5.0,0.0432
31 Aug 26,29495.5,29435.75,-1210.0,L,LvlL,10.0,-0.2051
31 Aug 26,29465.0,29446.0,182.5,S,FvgS,5.0,0.0619
31 Aug 26,29465.0,29459.75,45.0,S,FvgS,5.0,0.0153
31 Aug 26,29435.25,29390.5,880.0,S,LvlS,10.0,0.1495
31 Aug 26,29466.75,29405.0,610.0,S,RFs,5.0,0.207
31 Aug 26,29468.75,29405.0,630.0,S,RfAS,5.0,0.2138
31 Aug 26,29411.5,29422.25,300.0,L,F13L,15.0,0.034
31 Aug 26,29411.5,29431.25,570.0,L,F13L,15.0,0.0646
31 Aug 26,29495.5,29517.25,210.0,L,FvgL,5.0,0.0712
01 Sep 26,29495.5,29500.75,45.0,L,FvgL,5.0,0.0153
01 Sep 26,29207.5,29170.0,735.0,S,LvlS,10.0,0.1258
01 Sep 26,29165.75,29127.5,750.0,S,LvlS,10.0,0.1286
01 Sep 26,29076.0,29181.0,1042.5,L,RTl,5.0,0.3585
01 Sep 26,29083.25,29181.0,970.0,L,RTaL,5.0,0.3335
01 Sep 26,29075.0,29152.75,2310.0,L,F13L,15.0,0.2648
01 Sep 26,29075.0,29124.25,1455.0,L,F13L,15.0,0.1668
